-- Auto-generated seed data

INSERT INTO customers (customer_id,first_name,last_name,email,country,city,created_at) VALUES
  (1,'Jayden','Davis','jayden.davis1@example.com','United States','Houston','2023-09-08 00:00:00'),
  (2,'Alexander','Wilson','alexander.wilson2@example.com','Australia','Sydney','2023-03-31 00:00:00'),
  (3,'Chloe','Carter','chloe.carter3@example.com','United States','Seattle','2023-04-06 00:00:00'),
  (4,'Amelia','Harris','amelia.harris4@example.com','United Kingdom','Glasgow','2023-01-28 00:00:00'),
  (5,'Grace','Jackson','grace.jackson5@example.com','Canada','Calgary','2023-08-14 00:00:00'),
  (6,'Jack','Edwards','jack.edwards6@example.com','United States','Seattle','2023-06-13 00:00:00'),
  (7,'Elijah','Carter','elijah.carter7@example.com','United States','Houston','2023-06-09 00:00:00'),
  (8,'Amelia','Wright','amelia.wright8@example.com','United States','New York','2024-01-25 00:00:00'),
  (9,'William','Scott','william.scott9@example.com','United States','Portland','2023-09-28 00:00:00'),
  (10,'Liam','Rivera','liam.rivera10@example.com','United Kingdom','London','2024-01-23 00:00:00'),
  (11,'Ava','Parker','ava.parker11@example.com','United States','Portland','2024-01-06 00:00:00'),
  (12,'Nathan','Jackson','nathan.jackson12@example.com','Canada','Toronto','2023-02-16 00:00:00'),
  (13,'Dylan','Harris','dylan.harris13@example.com','Australia','Brisbane','2023-03-23 00:00:00'),
  (14,'Alexander','Miller','alexander.miller14@example.com','United States','Houston','2024-04-09 00:00:00'),
  (15,'Jayden','Green','jayden.green15@example.com','United States','Phoenix','2023-12-30 00:00:00'),
  (16,'Amelia','Moore','amelia.moore16@example.com','Canada','Toronto','2023-06-25 00:00:00'),
  (17,'Ryan','Martin','ryan.martin17@example.com','United States','Austin','2024-01-24 00:00:00'),
  (18,'Evelyn','Parker','evelyn.parker18@example.com','United States','Phoenix','2023-02-27 00:00:00'),
  (19,'Alexander','Williams','alexander.williams19@example.com','United States','Denver','2023-10-02 00:00:00'),
  (20,'Noah','White','noah.white20@example.com','United Kingdom','Bristol','2023-11-19 00:00:00'),
  (21,'Amelia','Mitchell','amelia.mitchell21@example.com','United States','Austin','2023-05-27 00:00:00'),
  (22,'Mason','Wilson','mason.wilson22@example.com','United States','Boston','2023-09-27 00:00:00'),
  (23,'Lily','Edwards','lily.edwards23@example.com','United States','Portland','2024-02-13 00:00:00'),
  (24,'Elizabeth','Harris','elizabeth.harris24@example.com','United States','Boston','2024-05-20 00:00:00'),
  (25,'Ava','Brown','ava.brown25@example.com','United States','Los Angeles','2023-06-13 00:00:00'),
  (26,'Zoey','Carter','zoey.carter26@example.com','United Kingdom','London','2024-01-30 00:00:00'),
  (27,'Jackson','Collins','jackson.collins27@example.com','United States','Boston','2023-09-15 00:00:00'),
  (28,'Grace','Smith','grace.smith28@example.com','Canada','Toronto','2023-10-01 00:00:00'),
  (29,'Hannah','Wright','hannah.wright29@example.com','United States','Houston','2024-03-21 00:00:00'),
  (30,'Lucas','Rivera','lucas.rivera30@example.com','United States','Houston','2024-05-27 00:00:00'),
  (31,'Joseph','Thomas','joseph.thomas31@example.com','United Kingdom','London','2023-11-02 00:00:00'),
  (32,'Jayden','Roberts','jayden.roberts32@example.com','United Kingdom','Manchester','2023-06-06 00:00:00'),
  (33,'Elizabeth','Anderson','elizabeth.anderson33@example.com','United Kingdom','Glasgow','2023-01-01 00:00:00'),
  (34,'Aiden','King','aiden.king34@example.com','United Kingdom','London','2023-04-25 00:00:00'),
  (35,'Elizabeth','Allen','elizabeth.allen35@example.com','United States','Seattle','2023-09-04 00:00:00'),
  (36,'Nathan','Garcia','nathan.garcia36@example.com','United States','Austin','2023-03-12 00:00:00'),
  (37,'Joseph','Phillips','joseph.phillips37@example.com','Australia','Melbourne','2023-05-12 00:00:00'),
  (38,'Dylan','Campbell','dylan.campbell38@example.com','United Kingdom','Manchester','2023-09-29 00:00:00'),
  (39,'Aria','Collins','aria.collins39@example.com','United States','Chicago','2023-07-25 00:00:00'),
  (40,'Nora','Allen','nora.allen40@example.com','United States','Phoenix','2024-03-24 00:00:00'),
  (41,'Aria','Hill','aria.hill41@example.com','United States','Chicago','2023-08-19 00:00:00'),
  (42,'Noah','Wright','noah.wright42@example.com','United States','Portland','2023-08-24 00:00:00'),
  (43,'Chloe','Harris','chloe.harris43@example.com','United States','New York','2023-03-02 00:00:00'),
  (44,'Alexander','Jones','alexander.jones44@example.com','United States','Phoenix','2023-03-14 00:00:00'),
  (45,'Samuel','Martin','samuel.martin45@example.com','United States','Austin','2023-08-08 00:00:00'),
  (46,'Ryan','Wilson','ryan.wilson46@example.com','Australia','Perth','2023-09-06 00:00:00'),
  (47,'Owen','Nelson','owen.nelson47@example.com','United States','New York','2023-04-10 00:00:00'),
  (48,'Dylan','Carter','dylan.carter48@example.com','United States','Denver','2024-02-25 00:00:00'),
  (49,'Scarlett','Brown','scarlett.brown49@example.com','Canada','Toronto','2023-03-04 00:00:00'),
  (50,'Sofia','Wright','sofia.wright50@example.com','United States','Chicago','2023-07-16 00:00:00'),
  (51,'Henry','Phillips','henry.phillips51@example.com','United States','Los Angeles','2024-03-08 00:00:00'),
  (52,'Mia','Moore','mia.moore52@example.com','United States','Chicago','2023-03-19 00:00:00'),
  (53,'Jack','Parker','jack.parker53@example.com','United States','Seattle','2023-01-16 00:00:00'),
  (54,'Ava','Martin','ava.martin54@example.com','United States','Denver','2024-05-12 00:00:00'),
  (55,'Owen','White','owen.white55@example.com','United States','Seattle','2023-06-18 00:00:00'),
  (56,'Jackson','Smith','jackson.smith56@example.com','United States','Houston','2024-04-10 00:00:00'),
  (57,'Ethan','Carter','ethan.carter57@example.com','Canada','Calgary','2023-06-08 00:00:00'),
  (58,'Henry','Young','henry.young58@example.com','United States','Seattle','2023-03-04 00:00:00'),
  (59,'Lily','King','lily.king59@example.com','United States','Seattle','2024-05-03 00:00:00'),
  (60,'Samuel','Turner','samuel.turner60@example.com','United States','Seattle','2024-06-04 00:00:00'),
  (61,'Ava','Thomas','ava.thomas61@example.com','United States','Portland','2023-03-11 00:00:00'),
  (62,'Zoey','Martin','zoey.martin62@example.com','United States','New York','2023-09-10 00:00:00'),
  (63,'Chloe','Collins','chloe.collins63@example.com','United States','Portland','2023-03-25 00:00:00'),
  (64,'Sebastian','Edwards','sebastian.edwards64@example.com','United Kingdom','Glasgow','2023-11-20 00:00:00'),
  (65,'Mason','White','mason.white65@example.com','Canada','Montreal','2023-09-02 00:00:00'),
  (66,'Mason','Adams','mason.adams66@example.com','United States','Houston','2024-04-13 00:00:00'),
  (67,'Daniel','Jones','daniel.jones67@example.com','United States','Austin','2023-04-13 00:00:00'),
  (68,'Noah','Phillips','noah.phillips68@example.com','United States','Boston','2023-09-29 00:00:00'),
  (69,'Benjamin','Scott','benjamin.scott69@example.com','United States','Chicago','2024-01-14 00:00:00'),
  (70,'Ethan','Anderson','ethan.anderson70@example.com','United States','Boston','2023-11-06 00:00:00'),
  (71,'Penelope','Turner','penelope.turner71@example.com','United States','Boston','2023-11-03 00:00:00'),
  (72,'Dylan','Miller','dylan.miller72@example.com','United States','Houston','2023-04-29 00:00:00'),
  (73,'William','Parker','william.parker73@example.com','United States','Houston','2023-10-16 00:00:00'),
  (74,'Aiden','White','aiden.white74@example.com','Canada','Montreal','2023-07-28 00:00:00'),
  (75,'Zoey','Thompson','zoey.thompson75@example.com','United Kingdom','Leeds','2023-09-15 00:00:00'),
  (76,'Olivia','Garcia','olivia.garcia76@example.com','Canada','Calgary','2023-10-11 00:00:00'),
  (77,'Liam','Smith','liam.smith77@example.com','United States','Los Angeles','2023-09-26 00:00:00'),
  (78,'Lucas','Hill','lucas.hill78@example.com','United Kingdom','Bristol','2024-03-13 00:00:00'),
  (79,'Grace','Smith','grace.smith79@example.com','United States','New York','2023-06-02 00:00:00'),
  (80,'Ryan','Williams','ryan.williams80@example.com','United States','Portland','2023-06-01 00:00:00'),
  (81,'Madison','Wilson','madison.wilson81@example.com','United States','Houston','2024-01-09 00:00:00'),
  (82,'Liam','Scott','liam.scott82@example.com','United States','Chicago','2023-04-16 00:00:00'),
  (83,'Logan','Parker','logan.parker83@example.com','United States','Portland','2023-06-08 00:00:00'),
  (84,'Harper','Anderson','harper.anderson84@example.com','United States','Denver','2023-01-26 00:00:00'),
  (85,'Mia','Wright','mia.wright85@example.com','United States','Chicago','2023-10-01 00:00:00'),
  (86,'Lucas','Miller','lucas.miller86@example.com','United States','Seattle','2024-04-26 00:00:00'),
  (87,'Alexander','Jackson','alexander.jackson87@example.com','United States','Phoenix','2023-11-09 00:00:00'),
  (88,'Alexander','Harris','alexander.harris88@example.com','United States','Chicago','2024-02-13 00:00:00'),
  (89,'Emily','Moore','emily.moore89@example.com','United States','Houston','2023-12-26 00:00:00'),
  (90,'Riley','Roberts','riley.roberts90@example.com','United States','Boston','2023-12-06 00:00:00'),
  (91,'Emma','Davis','emma.davis91@example.com','United States','Los Angeles','2023-09-29 00:00:00'),
  (92,'Liam','Miller','liam.miller92@example.com','United Kingdom','Leeds','2023-12-20 00:00:00'),
  (93,'David','King','david.king93@example.com','United States','Portland','2024-06-07 00:00:00'),
  (94,'Sophia','Baker','sophia.baker94@example.com','United Kingdom','Manchester','2023-09-18 00:00:00'),
  (95,'Liam','Carter','liam.carter95@example.com','United States','Boston','2023-07-21 00:00:00'),
  (96,'Elizabeth','Carter','elizabeth.carter96@example.com','United States','Phoenix','2023-11-18 00:00:00'),
  (97,'Dylan','Davis','dylan.davis97@example.com','Australia','Brisbane','2024-06-03 00:00:00'),
  (98,'Abigail','Nelson','abigail.nelson98@example.com','United States','Denver','2023-10-30 00:00:00'),
  (99,'Grace','Wilson','grace.wilson99@example.com','United States','Denver','2024-01-24 00:00:00'),
  (100,'Zoey','Thomas','zoey.thomas100@example.com','United Kingdom','Glasgow','2023-11-05 00:00:00'),
  (101,'Sofia','Parker','sofia.parker101@example.com','United States','Houston','2023-10-21 00:00:00'),
  (102,'Amelia','Carter','amelia.carter102@example.com','United Kingdom','Glasgow','2023-11-26 00:00:00'),
  (103,'Scarlett','Hill','scarlett.hill103@example.com','United States','Chicago','2024-06-07 00:00:00'),
  (104,'Owen','Anderson','owen.anderson104@example.com','Canada','Toronto','2023-10-18 00:00:00'),
  (105,'Samuel','Stewart','samuel.stewart105@example.com','United States','New York','2023-08-29 00:00:00'),
  (106,'Zoey','Allen','zoey.allen106@example.com','United States','Chicago','2023-05-31 00:00:00'),
  (107,'Emma','Williams','emma.williams107@example.com','United States','Austin','2023-03-16 00:00:00'),
  (108,'Scarlett','Nelson','scarlett.nelson108@example.com','Canada','Vancouver','2024-01-29 00:00:00'),
  (109,'Victoria','Adams','victoria.adams109@example.com','United States','Los Angeles','2023-01-06 00:00:00'),
  (110,'Joseph','Miller','joseph.miller110@example.com','Australia','Perth','2023-08-13 00:00:00'),
  (111,'Mia','Turner','mia.turner111@example.com','United States','Seattle','2023-09-13 00:00:00'),
  (112,'Sophia','Rivera','sophia.rivera112@example.com','United States','Austin','2023-11-21 00:00:00'),
  (113,'Joseph','Hill','joseph.hill113@example.com','United Kingdom','Bristol','2024-05-31 00:00:00'),
  (114,'Madison','Parker','madison.parker114@example.com','United States','Los Angeles','2024-05-01 00:00:00'),
  (115,'Jack','Thompson','jack.thompson115@example.com','Australia','Melbourne','2023-10-11 00:00:00'),
  (116,'Hannah','Turner','hannah.turner116@example.com','United Kingdom','Bristol','2023-09-02 00:00:00'),
  (117,'Evelyn','Hill','evelyn.hill117@example.com','United States','Houston','2023-08-29 00:00:00'),
  (118,'Evelyn','Wright','evelyn.wright118@example.com','United States','Boston','2023-03-24 00:00:00'),
  (119,'Benjamin','Taylor','benjamin.taylor119@example.com','United States','Denver','2023-06-06 00:00:00'),
  (120,'Nora','White','nora.white120@example.com','United States','Denver','2024-02-22 00:00:00'),
  (121,'Emily','Phillips','emily.phillips121@example.com','United States','Denver','2023-03-05 00:00:00'),
  (122,'Amelia','Nelson','amelia.nelson122@example.com','United States','Portland','2023-01-21 00:00:00'),
  (123,'Joseph','Evans','joseph.evans123@example.com','United States','Austin','2023-01-07 00:00:00'),
  (124,'Logan','Allen','logan.allen124@example.com','Australia','Perth','2024-03-05 00:00:00'),
  (125,'Ryan','Phillips','ryan.phillips125@example.com','United Kingdom','Manchester','2024-05-14 00:00:00'),
  (126,'Alexander','Moore','alexander.moore126@example.com','United States','Austin','2023-01-30 00:00:00'),
  (127,'Jackson','Wright','jackson.wright127@example.com','Canada','Calgary','2023-06-19 00:00:00'),
  (128,'Scarlett','Wilson','scarlett.wilson128@example.com','United Kingdom','Glasgow','2023-01-28 00:00:00'),
  (129,'Sofia','Edwards','sofia.edwards129@example.com','United Kingdom','Bristol','2023-01-28 00:00:00'),
  (130,'Ava','Carter','ava.carter130@example.com','United States','Austin','2023-07-06 00:00:00'),
  (131,'Olivia','Thompson','olivia.thompson131@example.com','United States','Phoenix','2023-08-05 00:00:00'),
  (132,'Scarlett','King','scarlett.king132@example.com','United States','Denver','2023-10-12 00:00:00'),
  (133,'Joseph','Nelson','joseph.nelson133@example.com','United States','New York','2024-04-26 00:00:00'),
  (134,'Emma','Phillips','emma.phillips134@example.com','United States','Phoenix','2023-08-18 00:00:00'),
  (135,'Riley','Jones','riley.jones135@example.com','Australia','Sydney','2023-02-01 00:00:00'),
  (136,'Harper','Jackson','harper.jackson136@example.com','United States','Portland','2023-06-06 00:00:00'),
  (137,'Harper','Wilson','harper.wilson137@example.com','United Kingdom','Bristol','2023-04-28 00:00:00'),
  (138,'Nathan','White','nathan.white138@example.com','United States','Houston','2024-01-13 00:00:00'),
  (139,'Lucas','Collins','lucas.collins139@example.com','United Kingdom','Bristol','2023-04-28 00:00:00'),
  (140,'Hannah','Anderson','hannah.anderson140@example.com','United States','New York','2023-01-27 00:00:00'),
  (141,'Abigail','Evans','abigail.evans141@example.com','Canada','Calgary','2024-02-11 00:00:00'),
  (142,'Nora','Jackson','nora.jackson142@example.com','United States','Portland','2023-09-06 00:00:00'),
  (143,'William','Allen','william.allen143@example.com','Canada','Toronto','2023-02-12 00:00:00'),
  (144,'Logan','Phillips','logan.phillips144@example.com','United States','Phoenix','2023-03-12 00:00:00'),
  (145,'Samuel','Wright','samuel.wright145@example.com','United States','Denver','2024-05-16 00:00:00'),
  (146,'William','Carter','william.carter146@example.com','United States','Austin','2023-06-06 00:00:00'),
  (147,'Madison','Thomas','madison.thomas147@example.com','Australia','Brisbane','2024-05-10 00:00:00'),
  (148,'Scarlett','Carter','scarlett.carter148@example.com','Australia','Brisbane','2023-11-27 00:00:00'),
  (149,'Harper','Garcia','harper.garcia149@example.com','United States','Austin','2023-09-07 00:00:00'),
  (150,'Joseph','Rivera','joseph.rivera150@example.com','United Kingdom','Glasgow','2024-01-24 00:00:00'),
  (151,'Emily','Johnson','emily.johnson151@example.com','United Kingdom','Birmingham','2023-07-06 00:00:00'),
  (152,'Victoria','White','victoria.white152@example.com','United States','Houston','2023-12-15 00:00:00'),
  (153,'Evelyn','Collins','evelyn.collins153@example.com','Canada','Montreal','2023-01-11 00:00:00'),
  (154,'Aria','Jackson','aria.jackson154@example.com','United States','Chicago','2024-02-21 00:00:00'),
  (155,'Victoria','Parker','victoria.parker155@example.com','Australia','Melbourne','2024-05-02 00:00:00'),
  (156,'Riley','Mitchell','riley.mitchell156@example.com','United States','Seattle','2023-04-06 00:00:00'),
  (157,'Ethan','Harris','ethan.harris157@example.com','United States','Chicago','2023-11-10 00:00:00'),
  (158,'Dylan','Edwards','dylan.edwards158@example.com','United States','Austin','2023-12-19 00:00:00'),
  (159,'Madison','Parker','madison.parker159@example.com','United States','Phoenix','2024-04-09 00:00:00'),
  (160,'Evelyn','Allen','evelyn.allen160@example.com','United States','Chicago','2023-05-04 00:00:00'),
  (161,'David','Jackson','david.jackson161@example.com','United States','New York','2023-07-09 00:00:00'),
  (162,'Henry','White','henry.white162@example.com','Australia','Perth','2023-10-11 00:00:00'),
  (163,'David','Edwards','david.edwards163@example.com','Australia','Brisbane','2023-04-13 00:00:00'),
  (164,'Henry','Young','henry.young164@example.com','United States','Phoenix','2023-07-03 00:00:00'),
  (165,'Abigail','Smith','abigail.smith165@example.com','Canada','Vancouver','2023-10-08 00:00:00'),
  (166,'Liam','Brown','liam.brown166@example.com','United Kingdom','Birmingham','2023-05-10 00:00:00'),
  (167,'Jayden','Mitchell','jayden.mitchell167@example.com','United States','Seattle','2023-10-19 00:00:00'),
  (168,'Owen','Campbell','owen.campbell168@example.com','United States','Phoenix','2023-07-08 00:00:00'),
  (169,'Olivia','Thompson','olivia.thompson169@example.com','United Kingdom','London','2023-03-08 00:00:00'),
  (170,'Sofia','Mitchell','sofia.mitchell170@example.com','United States','Portland','2023-02-24 00:00:00'),
  (171,'Isabella','Taylor','isabella.taylor171@example.com','United Kingdom','Birmingham','2023-03-29 00:00:00'),
  (172,'Harper','Davis','harper.davis172@example.com','United Kingdom','Leeds','2023-08-20 00:00:00'),
  (173,'Hannah','Turner','hannah.turner173@example.com','United States','Austin','2024-03-29 00:00:00'),
  (174,'Abigail','Edwards','abigail.edwards174@example.com','United States','Houston','2023-03-03 00:00:00'),
  (175,'Penelope','Miller','penelope.miller175@example.com','Australia','Melbourne','2023-08-05 00:00:00'),
  (176,'Mason','Garcia','mason.garcia176@example.com','United States','Chicago','2023-06-27 00:00:00'),
  (177,'Grace','Jones','grace.jones177@example.com','United States','Seattle','2024-02-23 00:00:00'),
  (178,'Jack','Collins','jack.collins178@example.com','United Kingdom','Birmingham','2023-02-03 00:00:00'),
  (179,'Alexander','Young','alexander.young179@example.com','Canada','Montreal','2024-04-09 00:00:00'),
  (180,'Noah','Harris','noah.harris180@example.com','United States','Portland','2023-07-22 00:00:00'),
  (181,'Madison','Davis','madison.davis181@example.com','United Kingdom','Manchester','2023-06-02 00:00:00'),
  (182,'Evelyn','Taylor','evelyn.taylor182@example.com','United States','Seattle','2023-06-19 00:00:00'),
  (183,'Abigail','Collins','abigail.collins183@example.com','Australia','Brisbane','2024-03-25 00:00:00'),
  (184,'Sophia','Rivera','sophia.rivera184@example.com','Canada','Montreal','2024-02-17 00:00:00'),
  (185,'Evelyn','Roberts','evelyn.roberts185@example.com','United Kingdom','Leeds','2024-03-24 00:00:00'),
  (186,'Ava','Collins','ava.collins186@example.com','United States','Denver','2023-11-27 00:00:00'),
  (187,'Aiden','Thompson','aiden.thompson187@example.com','United States','New York','2023-08-23 00:00:00'),
  (188,'Zoey','Evans','zoey.evans188@example.com','United Kingdom','London','2023-10-03 00:00:00'),
  (189,'Nathan','Williams','nathan.williams189@example.com','Australia','Melbourne','2024-04-26 00:00:00'),
  (190,'Aria','Hill','aria.hill190@example.com','United States','Los Angeles','2024-03-22 00:00:00'),
  (191,'Jayden','Mitchell','jayden.mitchell191@example.com','United States','Austin','2023-12-23 00:00:00'),
  (192,'Sebastian','Wright','sebastian.wright192@example.com','United States','New York','2023-06-14 00:00:00'),
  (193,'Emily','Nelson','emily.nelson193@example.com','Canada','Calgary','2023-10-23 00:00:00'),
  (194,'Dylan','Adams','dylan.adams194@example.com','Australia','Sydney','2024-04-10 00:00:00'),
  (195,'Ava','King','ava.king195@example.com','United States','Phoenix','2023-04-29 00:00:00'),
  (196,'Hannah','Adams','hannah.adams196@example.com','United Kingdom','London','2024-04-18 00:00:00'),
  (197,'Sebastian','Brown','sebastian.brown197@example.com','United States','Boston','2024-01-06 00:00:00'),
  (198,'Penelope','Mitchell','penelope.mitchell198@example.com','Canada','Calgary','2023-02-22 00:00:00'),
  (199,'Amelia','Moore','amelia.moore199@example.com','United Kingdom','Manchester','2023-10-22 00:00:00'),
  (200,'Jack','Mitchell','jack.mitchell200@example.com','United States','Seattle','2023-09-03 00:00:00');

INSERT INTO categories (category_id,name,description) VALUES
  (1,'Electronics','Gadgets, devices, and accessories'),
  (2,'Clothing','Apparel for all occasions'),
  (3,'Home & Garden','Everything for your living space'),
  (4,'Sports & Outdoors','Gear for active lifestyles'),
  (5,'Books','Fiction, non-fiction, and educational'),
  (6,'Beauty & Personal Care','Skincare, haircare, and grooming');

INSERT INTO products (product_id,name,category_id,price,stock) VALUES
  (1,'Wireless Noise-Cancelling Headphones',1,129.99,85),
  (2,'USB-C Hub 7-in-1',1,49.99,210),
  (3,'Mechanical Keyboard Tenkeyless',1,89.99,130),
  (4,'27" 4K IPS Monitor',1,399.99,42),
  (5,'Portable Bluetooth Speaker',1,59.99,175),
  (6,'Smart Watch Series X',1,249.99,68),
  (7,'Merino Wool Crewneck Sweater',2,79.99,220),
  (8,'Slim-Fit Chino Pants',2,54.99,310),
  (9,'Waterproof Running Jacket',2,99.99,155),
  (10,'Classic Oxford Button-Down Shirt',2,44.99,280),
  (11,'Compression Leggings',2,39.99,400),
  (12,'Bamboo Cutting Board Set',3,34.99,190),
  (13,'Cast Iron Skillet 12"',3,44.99,160),
  (14,'Stainless Steel Water Bottle 32oz',3,24.99,450),
  (15,'LED Desk Lamp with USB Charging',3,39.99,200),
  (16,'Scented Soy Candle Set',3,29.99,320),
  (17,'Adjustable Resistance Bands Set',4,27.99,380),
  (18,'Foam Yoga Mat 6mm',4,34.99,290),
  (19,'Insulated Trail Running Vest',4,79.99,95),
  (20,'Carbon Fiber Trekking Poles',4,64.99,110),
  (21,'Camping Hammock Ultralight',4,49.99,145),
  (22,'The Pragmatic Programmer',5,39.99,180),
  (23,'Atomic Habits',5,17.99,420),
  (24,'Designing Data-Intensive Applications',5,49.99,140),
  (25,'The Psychology of Money',5,16.99,390),
  (26,'Vitamin C Serum 30ml',6,28.99,260),
  (27,'Hyaluronic Acid Moisturizer',6,22.99,310),
  (28,'Bamboo Charcoal Face Mask 12-Pack',6,19.99,350),
  (29,'Natural Deodorant Stick',6,12.99,480),
  (30,'Argan Oil Hair Treatment',6,24.99,200);

INSERT INTO orders (order_id,customer_id,status,created_at,shipped_at,delivered_at) VALUES
  (1,21,'completed','2024-01-02 15:13:00','2024-01-03 15:13:00','2024-01-09 15:13:00'),
  (2,107,'completed','2024-01-06 09:33:00','2024-01-08 09:33:00','2024-01-10 09:33:00'),
  (3,165,'completed','2024-01-10 21:44:00','2024-01-12 21:44:00','2024-01-19 21:44:00'),
  (4,76,'completed','2024-01-11 08:50:00','2024-01-12 08:50:00','2024-01-14 08:50:00'),
  (5,65,'completed','2024-01-11 13:18:00','2024-01-13 13:18:00','2024-01-15 13:18:00'),
  (6,133,'completed','2024-01-13 09:46:00','2024-01-15 09:46:00','2024-01-17 09:46:00'),
  (7,11,'cancelled','2024-01-16 18:39:00',NULL,NULL),
  (8,113,'completed','2024-01-21 11:04:00','2024-01-22 11:04:00','2024-01-29 11:04:00'),
  (9,96,'completed','2024-01-21 09:36:00','2024-01-22 09:36:00','2024-01-28 09:36:00'),
  (10,133,'completed','2024-01-22 10:16:00','2024-01-24 10:16:00','2024-01-31 10:16:00'),
  (11,23,'processing','2024-01-24 17:42:00',NULL,NULL),
  (12,77,'completed','2024-01-26 12:50:00','2024-01-28 12:50:00','2024-02-03 12:50:00'),
  (13,93,'completed','2024-01-27 18:29:00','2024-01-30 18:29:00','2024-02-02 18:29:00'),
  (14,33,'completed','2024-01-27 09:28:00','2024-01-29 09:28:00','2024-02-05 09:28:00'),
  (15,15,'completed','2024-01-28 11:19:00','2024-01-29 11:19:00','2024-02-01 11:19:00'),
  (16,73,'completed','2024-01-28 15:12:00','2024-01-31 15:12:00','2024-02-06 15:12:00'),
  (17,44,'shipped','2024-01-29 11:10:00','2024-02-01 11:10:00',NULL),
  (18,21,'completed','2024-01-31 15:41:00','2024-02-01 15:41:00','2024-02-07 15:41:00'),
  (19,117,'completed','2024-02-01 08:10:00','2024-02-03 08:10:00','2024-02-08 08:10:00'),
  (20,34,'cancelled','2024-02-04 18:32:00',NULL,NULL),
  (21,75,'completed','2024-02-05 20:15:00','2024-02-06 20:15:00','2024-02-10 20:15:00'),
  (22,168,'shipped','2024-02-06 22:18:00','2024-02-09 22:18:00',NULL),
  (23,187,'completed','2024-02-06 19:23:00','2024-02-07 19:23:00','2024-02-12 19:23:00'),
  (24,72,'shipped','2024-02-06 10:08:00','2024-02-07 10:08:00',NULL),
  (25,94,'cancelled','2024-02-08 11:12:00',NULL,NULL),
  (26,133,'completed','2024-02-09 11:38:00','2024-02-12 11:38:00','2024-02-15 11:38:00'),
  (27,77,'shipped','2024-02-12 17:32:00','2024-02-15 17:32:00',NULL),
  (28,107,'completed','2024-02-12 16:50:00','2024-02-15 16:50:00','2024-02-22 16:50:00'),
  (29,162,'processing','2024-02-15 19:09:00',NULL,NULL),
  (30,106,'completed','2024-02-19 22:55:00','2024-02-22 22:55:00','2024-02-29 22:55:00'),
  (31,123,'completed','2024-02-19 19:20:00','2024-02-20 19:20:00','2024-02-25 19:20:00'),
  (32,198,'completed','2024-02-22 13:44:00','2024-02-25 13:44:00','2024-03-01 13:44:00'),
  (33,74,'completed','2024-02-23 19:57:00','2024-02-25 19:57:00','2024-02-29 19:57:00'),
  (34,151,'completed','2024-02-23 14:03:00','2024-02-26 14:03:00','2024-03-03 14:03:00'),
  (35,26,'processing','2024-02-23 11:00:00',NULL,NULL),
  (36,23,'shipped','2024-02-23 14:34:00','2024-02-26 14:34:00',NULL),
  (37,10,'completed','2024-02-24 22:11:00','2024-02-27 22:11:00','2024-03-02 22:11:00'),
  (38,70,'completed','2024-02-25 10:21:00','2024-02-26 10:21:00','2024-03-04 10:21:00'),
  (39,110,'completed','2024-02-26 17:05:00','2024-02-28 17:05:00','2024-03-06 17:05:00'),
  (40,193,'completed','2024-02-27 17:19:00','2024-03-01 17:19:00','2024-03-08 17:19:00'),
  (41,181,'refunded','2024-02-28 16:44:00',NULL,NULL),
  (42,57,'completed','2024-02-28 11:30:00','2024-02-29 11:30:00','2024-03-05 11:30:00'),
  (43,21,'completed','2024-02-28 21:33:00','2024-03-02 21:33:00','2024-03-06 21:33:00'),
  (44,52,'completed','2024-03-01 11:10:00','2024-03-03 11:10:00','2024-03-09 11:10:00'),
  (45,15,'completed','2024-03-01 21:43:00','2024-03-03 21:43:00','2024-03-10 21:43:00'),
  (46,12,'completed','2024-03-01 18:44:00','2024-03-02 18:44:00','2024-03-08 18:44:00'),
  (47,175,'shipped','2024-03-02 11:41:00','2024-03-04 11:41:00',NULL),
  (48,58,'completed','2024-03-05 07:19:00','2024-03-07 07:19:00','2024-03-14 07:19:00'),
  (49,196,'completed','2024-03-05 08:51:00','2024-03-08 08:51:00','2024-03-13 08:51:00'),
  (50,113,'completed','2024-03-05 13:48:00','2024-03-06 13:48:00','2024-03-09 13:48:00'),
  (51,78,'completed','2024-03-05 14:26:00','2024-03-07 14:26:00','2024-03-11 14:26:00'),
  (52,110,'completed','2024-03-06 22:03:00','2024-03-08 22:03:00','2024-03-15 22:03:00'),
  (53,182,'completed','2024-03-06 21:58:00','2024-03-07 21:58:00','2024-03-13 21:58:00'),
  (54,14,'completed','2024-03-06 19:43:00','2024-03-09 19:43:00','2024-03-15 19:43:00'),
  (55,144,'completed','2024-03-07 22:13:00','2024-03-09 22:13:00','2024-03-13 22:13:00'),
  (56,128,'completed','2024-03-09 10:51:00','2024-03-12 10:51:00','2024-03-17 10:51:00'),
  (57,63,'completed','2024-03-11 17:16:00','2024-03-13 17:16:00','2024-03-20 17:16:00'),
  (58,16,'completed','2024-03-11 08:53:00','2024-03-12 08:53:00','2024-03-19 08:53:00'),
  (59,56,'completed','2024-03-11 21:23:00','2024-03-12 21:23:00','2024-03-18 21:23:00'),
  (60,129,'processing','2024-03-11 20:51:00',NULL,NULL),
  (61,145,'completed','2024-03-13 14:19:00','2024-03-16 14:19:00','2024-03-18 14:19:00'),
  (62,112,'shipped','2024-03-13 17:36:00','2024-03-14 17:36:00',NULL),
  (63,72,'completed','2024-03-15 08:11:00','2024-03-17 08:11:00','2024-03-19 08:11:00'),
  (64,14,'completed','2024-03-15 20:14:00','2024-03-16 20:14:00','2024-03-20 20:14:00'),
  (65,111,'completed','2024-03-16 19:05:00','2024-03-19 19:05:00','2024-03-23 19:05:00'),
  (66,115,'completed','2024-03-18 20:06:00','2024-03-19 20:06:00','2024-03-21 20:06:00'),
  (67,4,'completed','2024-03-18 20:24:00','2024-03-19 20:24:00','2024-03-26 20:24:00'),
  (68,185,'shipped','2024-03-20 22:38:00','2024-03-23 22:38:00',NULL),
  (69,102,'completed','2024-03-20 19:51:00','2024-03-22 19:51:00','2024-03-27 19:51:00'),
  (70,77,'completed','2024-03-20 13:30:00','2024-03-22 13:30:00','2024-03-25 13:30:00'),
  (71,119,'processing','2024-03-21 13:28:00',NULL,NULL),
  (72,169,'completed','2024-03-22 20:50:00','2024-03-24 20:50:00','2024-03-26 20:50:00'),
  (73,138,'shipped','2024-03-22 09:06:00','2024-03-23 09:06:00',NULL),
  (74,103,'cancelled','2024-03-24 17:50:00',NULL,NULL),
  (75,148,'completed','2024-03-26 21:23:00','2024-03-28 21:23:00','2024-04-02 21:23:00'),
  (76,53,'completed','2024-03-27 22:22:00','2024-03-29 22:22:00','2024-03-31 22:22:00'),
  (77,174,'completed','2024-03-28 14:33:00','2024-03-29 14:33:00','2024-04-04 14:33:00'),
  (78,162,'completed','2024-03-28 12:40:00','2024-03-31 12:40:00','2024-04-05 12:40:00'),
  (79,100,'completed','2024-03-28 13:13:00','2024-03-30 13:13:00','2024-04-06 13:13:00'),
  (80,100,'shipped','2024-03-29 19:37:00','2024-03-30 19:37:00',NULL),
  (81,173,'processing','2024-03-30 16:58:00',NULL,NULL),
  (82,178,'completed','2024-03-30 19:26:00','2024-04-02 19:26:00','2024-04-05 19:26:00'),
  (83,81,'completed','2024-03-31 08:55:00','2024-04-02 08:55:00','2024-04-04 08:55:00'),
  (84,114,'completed','2024-04-01 12:05:00','2024-04-04 12:05:00','2024-04-06 12:05:00'),
  (85,94,'completed','2024-04-01 08:48:00','2024-04-04 08:48:00','2024-04-09 08:48:00'),
  (86,113,'completed','2024-04-04 14:13:00','2024-04-07 14:13:00','2024-04-13 14:13:00'),
  (87,146,'completed','2024-04-04 15:38:00','2024-04-07 15:38:00','2024-04-10 15:38:00'),
  (88,132,'shipped','2024-04-08 10:08:00','2024-04-10 10:08:00',NULL),
  (89,174,'completed','2024-04-08 22:09:00','2024-04-11 22:09:00','2024-04-18 22:09:00'),
  (90,197,'completed','2024-04-09 19:32:00','2024-04-12 19:32:00','2024-04-16 19:32:00'),
  (91,171,'processing','2024-04-09 18:54:00',NULL,NULL),
  (92,55,'completed','2024-04-10 15:20:00','2024-04-12 15:20:00','2024-04-16 15:20:00'),
  (93,118,'completed','2024-04-11 10:59:00','2024-04-12 10:59:00','2024-04-17 10:59:00'),
  (94,24,'shipped','2024-04-12 18:16:00','2024-04-13 18:16:00',NULL),
  (95,161,'completed','2024-04-13 14:27:00','2024-04-16 14:27:00','2024-04-18 14:27:00'),
  (96,34,'completed','2024-04-14 09:14:00','2024-04-16 09:14:00','2024-04-18 09:14:00'),
  (97,174,'completed','2024-04-14 09:33:00','2024-04-17 09:33:00','2024-04-19 09:33:00'),
  (98,56,'completed','2024-04-14 10:08:00','2024-04-15 10:08:00','2024-04-21 10:08:00'),
  (99,169,'completed','2024-04-15 13:33:00','2024-04-18 13:33:00','2024-04-24 13:33:00'),
  (100,62,'completed','2024-04-15 19:07:00','2024-04-16 19:07:00','2024-04-21 19:07:00'),
  (101,108,'completed','2024-04-15 12:48:00','2024-04-17 12:48:00','2024-04-19 12:48:00'),
  (102,102,'completed','2024-04-16 16:40:00','2024-04-19 16:40:00','2024-04-25 16:40:00'),
  (103,101,'shipped','2024-04-18 09:19:00','2024-04-21 09:19:00',NULL),
  (104,156,'completed','2024-04-19 16:42:00','2024-04-22 16:42:00','2024-04-29 16:42:00'),
  (105,200,'completed','2024-04-21 10:49:00','2024-04-22 10:49:00','2024-04-26 10:49:00'),
  (106,30,'completed','2024-04-22 07:02:00','2024-04-23 07:02:00','2024-04-26 07:02:00'),
  (107,10,'completed','2024-04-25 20:14:00','2024-04-27 20:14:00','2024-04-30 20:14:00'),
  (108,103,'completed','2024-04-26 21:55:00','2024-04-28 21:55:00','2024-05-02 21:55:00'),
  (109,160,'completed','2024-04-27 21:23:00','2024-04-30 21:23:00','2024-05-05 21:23:00'),
  (110,61,'completed','2024-04-30 22:03:00','2024-05-01 22:03:00','2024-05-08 22:03:00'),
  (111,180,'completed','2024-05-01 21:47:00','2024-05-02 21:47:00','2024-05-08 21:47:00'),
  (112,16,'completed','2024-05-01 11:15:00','2024-05-03 11:15:00','2024-05-07 11:15:00'),
  (113,81,'completed','2024-05-05 10:34:00','2024-05-07 10:34:00','2024-05-10 10:34:00'),
  (114,56,'completed','2024-05-06 11:05:00','2024-05-09 11:05:00','2024-05-12 11:05:00'),
  (115,176,'shipped','2024-05-06 09:37:00','2024-05-09 09:37:00',NULL),
  (116,51,'shipped','2024-05-07 21:51:00','2024-05-08 21:51:00',NULL),
  (117,11,'completed','2024-05-08 08:10:00','2024-05-11 08:10:00','2024-05-16 08:10:00'),
  (118,166,'completed','2024-05-08 22:26:00','2024-05-11 22:26:00','2024-05-16 22:26:00'),
  (119,135,'completed','2024-05-11 07:24:00','2024-05-14 07:24:00','2024-05-18 07:24:00'),
  (120,8,'refunded','2024-05-12 15:03:00',NULL,NULL),
  (121,189,'completed','2024-05-14 14:36:00','2024-05-16 14:36:00','2024-05-20 14:36:00'),
  (122,139,'completed','2024-05-14 12:31:00','2024-05-15 12:31:00','2024-05-17 12:31:00'),
  (123,34,'completed','2024-05-18 12:58:00','2024-05-20 12:58:00','2024-05-22 12:58:00'),
  (124,19,'completed','2024-05-20 19:37:00','2024-05-21 19:37:00','2024-05-25 19:37:00'),
  (125,164,'completed','2024-05-21 17:11:00','2024-05-24 17:11:00','2024-05-30 17:11:00'),
  (126,33,'completed','2024-05-22 07:44:00','2024-05-25 07:44:00','2024-05-30 07:44:00'),
  (127,43,'shipped','2024-05-23 09:52:00','2024-05-26 09:52:00',NULL),
  (128,90,'completed','2024-05-24 10:46:00','2024-05-25 10:46:00','2024-05-27 10:46:00'),
  (129,97,'completed','2024-05-24 19:06:00','2024-05-26 19:06:00','2024-06-01 19:06:00'),
  (130,19,'completed','2024-05-25 12:56:00','2024-05-27 12:56:00','2024-05-30 12:56:00'),
  (131,168,'completed','2024-05-26 20:10:00','2024-05-27 20:10:00','2024-05-29 20:10:00'),
  (132,139,'completed','2024-05-26 16:19:00','2024-05-27 16:19:00','2024-05-29 16:19:00'),
  (133,76,'shipped','2024-05-26 22:12:00','2024-05-27 22:12:00',NULL),
  (134,122,'completed','2024-05-27 16:50:00','2024-05-29 16:50:00','2024-06-03 16:50:00'),
  (135,68,'completed','2024-05-29 15:36:00','2024-05-30 15:36:00','2024-06-02 15:36:00'),
  (136,122,'completed','2024-05-29 14:30:00','2024-05-31 14:30:00','2024-06-02 14:30:00'),
  (137,147,'shipped','2024-05-30 11:07:00','2024-06-01 11:07:00',NULL),
  (138,33,'completed','2024-05-30 20:05:00','2024-06-02 20:05:00','2024-06-07 20:05:00'),
  (139,23,'completed','2024-05-31 19:35:00','2024-06-02 19:35:00','2024-06-06 19:35:00'),
  (140,195,'completed','2024-05-31 10:36:00','2024-06-01 10:36:00','2024-06-05 10:36:00'),
  (141,102,'completed','2024-05-31 14:03:00','2024-06-03 14:03:00','2024-06-08 14:03:00'),
  (142,191,'completed','2024-06-01 17:17:00','2024-06-04 17:17:00','2024-06-09 17:17:00'),
  (143,15,'completed','2024-06-02 12:04:00','2024-06-04 12:04:00','2024-06-11 12:04:00'),
  (144,93,'processing','2024-06-03 13:17:00',NULL,NULL),
  (145,32,'processing','2024-06-05 07:15:00',NULL,NULL),
  (146,122,'shipped','2024-06-09 18:22:00','2024-06-10 18:22:00',NULL),
  (147,57,'shipped','2024-06-10 14:43:00','2024-06-11 14:43:00',NULL),
  (148,197,'processing','2024-06-11 07:30:00',NULL,NULL),
  (149,71,'completed','2024-06-12 19:54:00','2024-06-14 19:54:00','2024-06-19 19:54:00'),
  (150,150,'completed','2024-06-15 07:32:00','2024-06-18 07:32:00','2024-06-22 07:32:00'),
  (151,167,'completed','2024-06-16 13:09:00','2024-06-19 13:09:00','2024-06-22 13:09:00'),
  (152,147,'completed','2024-06-17 17:46:00','2024-06-20 17:46:00','2024-06-23 17:46:00'),
  (153,143,'completed','2024-06-17 16:06:00','2024-06-19 16:06:00','2024-06-22 16:06:00'),
  (154,108,'completed','2024-06-18 18:16:00','2024-06-21 18:16:00','2024-06-25 18:16:00'),
  (155,98,'completed','2024-06-21 16:26:00','2024-06-22 16:26:00','2024-06-25 16:26:00'),
  (156,118,'completed','2024-06-21 17:55:00','2024-06-24 17:55:00','2024-06-27 17:55:00'),
  (157,110,'completed','2024-06-22 20:30:00','2024-06-24 20:30:00','2024-06-26 20:30:00'),
  (158,194,'completed','2024-06-23 13:01:00','2024-06-26 13:01:00','2024-06-28 13:01:00'),
  (159,134,'shipped','2024-06-24 17:27:00','2024-06-27 17:27:00',NULL),
  (160,6,'shipped','2024-06-25 12:07:00','2024-06-27 12:07:00',NULL),
  (161,153,'completed','2024-06-29 10:41:00','2024-06-30 10:41:00','2024-07-02 10:41:00'),
  (162,78,'completed','2024-06-29 10:42:00','2024-07-02 10:42:00','2024-07-06 10:42:00'),
  (163,128,'completed','2024-06-29 13:49:00','2024-07-01 13:49:00','2024-07-07 13:49:00'),
  (164,186,'processing','2024-06-29 10:57:00',NULL,NULL),
  (165,68,'completed','2024-06-30 08:06:00','2024-07-01 08:06:00','2024-07-03 08:06:00'),
  (166,69,'cancelled','2024-06-30 09:23:00',NULL,NULL),
  (167,43,'completed','2024-07-01 11:44:00','2024-07-04 11:44:00','2024-07-06 11:44:00'),
  (168,125,'completed','2024-07-03 20:28:00','2024-07-04 20:28:00','2024-07-06 20:28:00'),
  (169,191,'completed','2024-07-03 14:42:00','2024-07-05 14:42:00','2024-07-11 14:42:00'),
  (170,157,'completed','2024-07-03 07:41:00','2024-07-04 07:41:00','2024-07-10 07:41:00'),
  (171,147,'completed','2024-07-03 09:54:00','2024-07-05 09:54:00','2024-07-10 09:54:00'),
  (172,10,'completed','2024-07-05 07:52:00','2024-07-06 07:52:00','2024-07-12 07:52:00'),
  (173,116,'completed','2024-07-05 10:48:00','2024-07-08 10:48:00','2024-07-11 10:48:00'),
  (174,28,'completed','2024-07-06 12:31:00','2024-07-07 12:31:00','2024-07-14 12:31:00'),
  (175,28,'cancelled','2024-07-07 20:02:00',NULL,NULL),
  (176,2,'completed','2024-07-10 08:35:00','2024-07-12 08:35:00','2024-07-18 08:35:00'),
  (177,154,'shipped','2024-07-10 17:32:00','2024-07-12 17:32:00',NULL),
  (178,76,'completed','2024-07-11 11:08:00','2024-07-13 11:08:00','2024-07-19 11:08:00'),
  (179,52,'completed','2024-07-11 16:43:00','2024-07-13 16:43:00','2024-07-20 16:43:00'),
  (180,178,'shipped','2024-07-12 17:45:00','2024-07-13 17:45:00',NULL),
  (181,109,'completed','2024-07-12 10:01:00','2024-07-14 10:01:00','2024-07-17 10:01:00'),
  (182,38,'completed','2024-07-12 16:13:00','2024-07-15 16:13:00','2024-07-17 16:13:00'),
  (183,58,'cancelled','2024-07-12 19:15:00',NULL,NULL),
  (184,176,'completed','2024-07-13 08:00:00','2024-07-16 08:00:00','2024-07-20 08:00:00'),
  (185,163,'processing','2024-07-14 18:48:00',NULL,NULL),
  (186,175,'completed','2024-07-15 12:11:00','2024-07-18 12:11:00','2024-07-24 12:11:00'),
  (187,2,'completed','2024-07-16 21:45:00','2024-07-17 21:45:00','2024-07-19 21:45:00'),
  (188,170,'completed','2024-07-17 22:50:00','2024-07-20 22:50:00','2024-07-26 22:50:00'),
  (189,134,'completed','2024-07-18 12:26:00','2024-07-21 12:26:00','2024-07-27 12:26:00'),
  (190,122,'completed','2024-07-19 07:07:00','2024-07-22 07:07:00','2024-07-26 07:07:00'),
  (191,30,'completed','2024-07-19 15:34:00','2024-07-22 15:34:00','2024-07-26 15:34:00'),
  (192,115,'completed','2024-07-20 08:18:00','2024-07-23 08:18:00','2024-07-26 08:18:00'),
  (193,138,'completed','2024-07-21 07:40:00','2024-07-22 07:40:00','2024-07-25 07:40:00'),
  (194,19,'cancelled','2024-07-21 11:01:00',NULL,NULL),
  (195,148,'completed','2024-07-21 15:26:00','2024-07-23 15:26:00','2024-07-28 15:26:00'),
  (196,150,'completed','2024-07-22 09:22:00','2024-07-25 09:22:00','2024-07-27 09:22:00'),
  (197,113,'completed','2024-07-23 19:52:00','2024-07-26 19:52:00','2024-07-28 19:52:00'),
  (198,166,'completed','2024-07-23 07:35:00','2024-07-26 07:35:00','2024-07-29 07:35:00'),
  (199,22,'completed','2024-07-24 13:47:00','2024-07-27 13:47:00','2024-08-03 13:47:00'),
  (200,65,'completed','2024-07-24 10:11:00','2024-07-27 10:11:00','2024-08-02 10:11:00'),
  (201,73,'shipped','2024-07-25 09:57:00','2024-07-26 09:57:00',NULL),
  (202,178,'completed','2024-07-27 11:36:00','2024-07-30 11:36:00','2024-08-03 11:36:00'),
  (203,115,'completed','2024-07-28 16:31:00','2024-07-31 16:31:00','2024-08-02 16:31:00'),
  (204,138,'completed','2024-07-30 15:46:00','2024-08-02 15:46:00','2024-08-04 15:46:00'),
  (205,140,'completed','2024-08-02 22:41:00','2024-08-03 22:41:00','2024-08-07 22:41:00'),
  (206,24,'completed','2024-08-02 18:32:00','2024-08-03 18:32:00','2024-08-10 18:32:00'),
  (207,36,'completed','2024-08-02 12:11:00','2024-08-05 12:11:00','2024-08-11 12:11:00'),
  (208,100,'completed','2024-08-03 21:56:00','2024-08-04 21:56:00','2024-08-06 21:56:00'),
  (209,58,'completed','2024-08-04 19:22:00','2024-08-06 19:22:00','2024-08-11 19:22:00'),
  (210,30,'completed','2024-08-06 22:30:00','2024-08-07 22:30:00','2024-08-13 22:30:00'),
  (211,162,'completed','2024-08-06 08:57:00','2024-08-09 08:57:00','2024-08-12 08:57:00'),
  (212,145,'shipped','2024-08-07 07:56:00','2024-08-10 07:56:00',NULL),
  (213,124,'completed','2024-08-08 14:53:00','2024-08-10 14:53:00','2024-08-16 14:53:00'),
  (214,68,'completed','2024-08-08 17:59:00','2024-08-10 17:59:00','2024-08-16 17:59:00'),
  (215,46,'completed','2024-08-09 08:56:00','2024-08-12 08:56:00','2024-08-18 08:56:00'),
  (216,124,'refunded','2024-08-09 19:22:00',NULL,NULL),
  (217,123,'refunded','2024-08-10 14:58:00',NULL,NULL),
  (218,134,'completed','2024-08-10 19:41:00','2024-08-11 19:41:00','2024-08-18 19:41:00'),
  (219,143,'completed','2024-08-11 12:23:00','2024-08-14 12:23:00','2024-08-20 12:23:00'),
  (220,115,'processing','2024-08-11 12:06:00',NULL,NULL),
  (221,158,'processing','2024-08-12 08:10:00',NULL,NULL),
  (222,38,'completed','2024-08-12 20:05:00','2024-08-13 20:05:00','2024-08-17 20:05:00'),
  (223,103,'shipped','2024-08-14 16:45:00','2024-08-17 16:45:00',NULL),
  (224,113,'completed','2024-08-14 13:54:00','2024-08-17 13:54:00','2024-08-23 13:54:00'),
  (225,158,'completed','2024-08-14 08:23:00','2024-08-15 08:23:00','2024-08-22 08:23:00'),
  (226,172,'completed','2024-08-14 19:37:00','2024-08-15 19:37:00','2024-08-21 19:37:00'),
  (227,90,'completed','2024-08-15 15:14:00','2024-08-18 15:14:00','2024-08-21 15:14:00'),
  (228,30,'completed','2024-08-16 15:56:00','2024-08-19 15:56:00','2024-08-25 15:56:00'),
  (229,194,'completed','2024-08-17 21:43:00','2024-08-19 21:43:00','2024-08-25 21:43:00'),
  (230,74,'completed','2024-08-19 19:43:00','2024-08-22 19:43:00','2024-08-26 19:43:00'),
  (231,192,'processing','2024-08-19 13:31:00',NULL,NULL),
  (232,159,'completed','2024-08-19 11:49:00','2024-08-20 11:49:00','2024-08-22 11:49:00'),
  (233,71,'completed','2024-08-19 12:48:00','2024-08-22 12:48:00','2024-08-26 12:48:00'),
  (234,123,'completed','2024-08-20 08:32:00','2024-08-22 08:32:00','2024-08-27 08:32:00'),
  (235,121,'shipped','2024-08-20 17:23:00','2024-08-21 17:23:00',NULL),
  (236,47,'completed','2024-08-21 11:36:00','2024-08-24 11:36:00','2024-08-27 11:36:00'),
  (237,162,'completed','2024-08-22 17:50:00','2024-08-24 17:50:00','2024-08-28 17:50:00'),
  (238,16,'completed','2024-08-22 15:30:00','2024-08-25 15:30:00','2024-08-27 15:30:00'),
  (239,51,'completed','2024-08-23 12:49:00','2024-08-25 12:49:00','2024-08-29 12:49:00'),
  (240,98,'shipped','2024-08-24 16:29:00','2024-08-27 16:29:00',NULL),
  (241,168,'completed','2024-08-27 15:38:00','2024-08-30 15:38:00','2024-09-04 15:38:00'),
  (242,134,'completed','2024-08-28 20:10:00','2024-08-29 20:10:00','2024-08-31 20:10:00'),
  (243,21,'completed','2024-08-28 12:25:00','2024-08-29 12:25:00','2024-08-31 12:25:00'),
  (244,135,'cancelled','2024-08-28 09:06:00',NULL,NULL),
  (245,100,'completed','2024-08-29 14:15:00','2024-09-01 14:15:00','2024-09-05 14:15:00'),
  (246,139,'completed','2024-08-29 21:08:00','2024-09-01 21:08:00','2024-09-07 21:08:00'),
  (247,112,'completed','2024-08-29 16:58:00','2024-08-31 16:58:00','2024-09-05 16:58:00'),
  (248,3,'processing','2024-08-30 22:48:00',NULL,NULL),
  (249,96,'completed','2024-09-02 20:56:00','2024-09-05 20:56:00','2024-09-10 20:56:00'),
  (250,57,'completed','2024-09-02 09:27:00','2024-09-05 09:27:00','2024-09-08 09:27:00'),
  (251,47,'completed','2024-09-03 16:07:00','2024-09-06 16:07:00','2024-09-11 16:07:00'),
  (252,187,'completed','2024-09-05 14:05:00','2024-09-06 14:05:00','2024-09-08 14:05:00'),
  (253,193,'completed','2024-09-05 08:17:00','2024-09-07 08:17:00','2024-09-09 08:17:00'),
  (254,99,'refunded','2024-09-06 21:15:00',NULL,NULL),
  (255,122,'completed','2024-09-07 16:59:00','2024-09-09 16:59:00','2024-09-12 16:59:00'),
  (256,29,'completed','2024-09-07 20:20:00','2024-09-08 20:20:00','2024-09-11 20:20:00'),
  (257,87,'cancelled','2024-09-07 08:03:00',NULL,NULL),
  (258,33,'completed','2024-09-08 14:20:00','2024-09-11 14:20:00','2024-09-18 14:20:00'),
  (259,83,'cancelled','2024-09-08 21:17:00',NULL,NULL),
  (260,1,'refunded','2024-09-09 19:46:00',NULL,NULL),
  (261,159,'completed','2024-09-10 17:46:00','2024-09-11 17:46:00','2024-09-18 17:46:00'),
  (262,169,'completed','2024-09-12 15:03:00','2024-09-14 15:03:00','2024-09-17 15:03:00'),
  (263,16,'completed','2024-09-12 20:52:00','2024-09-14 20:52:00','2024-09-21 20:52:00'),
  (264,133,'completed','2024-09-13 10:46:00','2024-09-14 10:46:00','2024-09-20 10:46:00'),
  (265,46,'completed','2024-09-15 20:47:00','2024-09-16 20:47:00','2024-09-23 20:47:00'),
  (266,91,'completed','2024-09-15 17:54:00','2024-09-17 17:54:00','2024-09-22 17:54:00'),
  (267,1,'processing','2024-09-15 08:18:00',NULL,NULL),
  (268,81,'completed','2024-09-15 15:58:00','2024-09-18 15:58:00','2024-09-24 15:58:00'),
  (269,60,'completed','2024-09-16 16:05:00','2024-09-19 16:05:00','2024-09-24 16:05:00'),
  (270,25,'shipped','2024-09-16 16:02:00','2024-09-19 16:02:00',NULL),
  (271,198,'completed','2024-09-16 07:40:00','2024-09-19 07:40:00','2024-09-24 07:40:00'),
  (272,40,'completed','2024-09-18 19:28:00','2024-09-21 19:28:00','2024-09-27 19:28:00'),
  (273,199,'processing','2024-09-19 11:48:00',NULL,NULL),
  (274,147,'completed','2024-09-19 14:15:00','2024-09-20 14:15:00','2024-09-24 14:15:00'),
  (275,160,'completed','2024-09-21 21:02:00','2024-09-22 21:02:00','2024-09-25 21:02:00'),
  (276,4,'completed','2024-09-21 10:19:00','2024-09-23 10:19:00','2024-09-28 10:19:00'),
  (277,193,'completed','2024-09-22 22:39:00','2024-09-25 22:39:00','2024-09-28 22:39:00'),
  (278,14,'completed','2024-09-23 07:04:00','2024-09-25 07:04:00','2024-10-02 07:04:00'),
  (279,99,'completed','2024-09-23 19:32:00','2024-09-26 19:32:00','2024-09-28 19:32:00'),
  (280,5,'completed','2024-09-24 18:22:00','2024-09-27 18:22:00','2024-10-01 18:22:00'),
  (281,143,'completed','2024-09-25 14:09:00','2024-09-27 14:09:00','2024-10-02 14:09:00'),
  (282,155,'completed','2024-09-26 21:34:00','2024-09-27 21:34:00','2024-09-30 21:34:00'),
  (283,198,'completed','2024-09-26 12:20:00','2024-09-27 12:20:00','2024-10-03 12:20:00'),
  (284,114,'cancelled','2024-09-27 15:09:00',NULL,NULL),
  (285,60,'processing','2024-09-28 07:22:00',NULL,NULL),
  (286,155,'completed','2024-09-30 18:11:00','2024-10-02 18:11:00','2024-10-07 18:11:00'),
  (287,194,'completed','2024-09-30 09:11:00','2024-10-02 09:11:00','2024-10-08 09:11:00'),
  (288,81,'completed','2024-10-01 08:33:00','2024-10-02 08:33:00','2024-10-07 08:33:00'),
  (289,196,'shipped','2024-10-01 08:12:00','2024-10-03 08:12:00',NULL),
  (290,14,'processing','2024-10-01 11:29:00',NULL,NULL),
  (291,83,'completed','2024-10-02 07:11:00','2024-10-04 07:11:00','2024-10-10 07:11:00'),
  (292,22,'completed','2024-10-03 19:46:00','2024-10-06 19:46:00','2024-10-12 19:46:00'),
  (293,1,'shipped','2024-10-04 15:00:00','2024-10-06 15:00:00',NULL),
  (294,169,'completed','2024-10-04 21:26:00','2024-10-06 21:26:00','2024-10-08 21:26:00'),
  (295,10,'completed','2024-10-05 08:42:00','2024-10-08 08:42:00','2024-10-14 08:42:00'),
  (296,42,'shipped','2024-10-06 16:39:00','2024-10-09 16:39:00',NULL),
  (297,10,'completed','2024-10-06 16:20:00','2024-10-08 16:20:00','2024-10-13 16:20:00'),
  (298,23,'completed','2024-10-07 16:27:00','2024-10-10 16:27:00','2024-10-14 16:27:00'),
  (299,187,'shipped','2024-10-07 22:31:00','2024-10-08 22:31:00',NULL),
  (300,158,'completed','2024-10-07 20:02:00','2024-10-09 20:02:00','2024-10-13 20:02:00'),
  (301,30,'processing','2024-10-08 17:21:00',NULL,NULL),
  (302,45,'completed','2024-10-08 17:53:00','2024-10-10 17:53:00','2024-10-17 17:53:00'),
  (303,191,'completed','2024-10-11 16:36:00','2024-10-14 16:36:00','2024-10-21 16:36:00'),
  (304,91,'completed','2024-10-12 11:17:00','2024-10-13 11:17:00','2024-10-17 11:17:00'),
  (305,78,'completed','2024-10-12 16:11:00','2024-10-13 16:11:00','2024-10-17 16:11:00'),
  (306,84,'completed','2024-10-13 10:52:00','2024-10-16 10:52:00','2024-10-23 10:52:00'),
  (307,54,'completed','2024-10-15 13:12:00','2024-10-17 13:12:00','2024-10-21 13:12:00'),
  (308,141,'completed','2024-10-20 15:09:00','2024-10-23 15:09:00','2024-10-27 15:09:00'),
  (309,13,'completed','2024-10-20 19:03:00','2024-10-21 19:03:00','2024-10-26 19:03:00'),
  (310,180,'completed','2024-10-22 18:19:00','2024-10-24 18:19:00','2024-10-27 18:19:00'),
  (311,179,'completed','2024-10-22 10:29:00','2024-10-24 10:29:00','2024-10-31 10:29:00'),
  (312,171,'completed','2024-10-22 17:29:00','2024-10-24 17:29:00','2024-10-26 17:29:00'),
  (313,148,'completed','2024-10-24 10:25:00','2024-10-27 10:25:00','2024-10-29 10:25:00'),
  (314,152,'completed','2024-10-24 14:39:00','2024-10-25 14:39:00','2024-10-31 14:39:00'),
  (315,152,'completed','2024-10-25 20:36:00','2024-10-27 20:36:00','2024-11-02 20:36:00'),
  (316,84,'completed','2024-10-25 10:52:00','2024-10-27 10:52:00','2024-10-30 10:52:00'),
  (317,198,'completed','2024-10-27 17:31:00','2024-10-30 17:31:00','2024-11-06 17:31:00'),
  (318,163,'completed','2024-10-27 11:42:00','2024-10-28 11:42:00','2024-11-02 11:42:00'),
  (319,78,'completed','2024-10-29 18:05:00','2024-11-01 18:05:00','2024-11-03 18:05:00'),
  (320,29,'completed','2024-11-01 07:15:00','2024-11-03 07:15:00','2024-11-10 07:15:00'),
  (321,107,'completed','2024-11-02 16:55:00','2024-11-05 16:55:00','2024-11-08 16:55:00'),
  (322,169,'completed','2024-11-02 11:05:00','2024-11-03 11:05:00','2024-11-10 11:05:00'),
  (323,128,'cancelled','2024-11-03 14:45:00',NULL,NULL),
  (324,181,'completed','2024-11-04 10:37:00','2024-11-06 10:37:00','2024-11-13 10:37:00'),
  (325,200,'completed','2024-11-04 21:33:00','2024-11-05 21:33:00','2024-11-11 21:33:00'),
  (326,3,'completed','2024-11-05 21:32:00','2024-11-07 21:32:00','2024-11-13 21:32:00'),
  (327,16,'shipped','2024-11-06 22:37:00','2024-11-07 22:37:00',NULL),
  (328,130,'completed','2024-11-07 15:16:00','2024-11-08 15:16:00','2024-11-14 15:16:00'),
  (329,152,'cancelled','2024-11-07 11:42:00',NULL,NULL),
  (330,9,'completed','2024-11-07 09:09:00','2024-11-10 09:09:00','2024-11-13 09:09:00'),
  (331,122,'completed','2024-11-07 22:47:00','2024-11-10 22:47:00','2024-11-13 22:47:00'),
  (332,112,'completed','2024-11-09 16:59:00','2024-11-11 16:59:00','2024-11-16 16:59:00'),
  (333,167,'completed','2024-11-11 17:17:00','2024-11-13 17:17:00','2024-11-15 17:17:00'),
  (334,188,'shipped','2024-11-12 13:33:00','2024-11-14 13:33:00',NULL),
  (335,26,'completed','2024-11-12 10:43:00','2024-11-14 10:43:00','2024-11-18 10:43:00'),
  (336,15,'shipped','2024-11-13 13:38:00','2024-11-16 13:38:00',NULL),
  (337,97,'shipped','2024-11-13 12:57:00','2024-11-14 12:57:00',NULL),
  (338,71,'refunded','2024-11-13 20:44:00',NULL,NULL),
  (339,68,'completed','2024-11-13 21:04:00','2024-11-15 21:04:00','2024-11-18 21:04:00'),
  (340,184,'completed','2024-11-13 10:02:00','2024-11-14 10:02:00','2024-11-16 10:02:00'),
  (341,101,'completed','2024-11-14 07:32:00','2024-11-17 07:32:00','2024-11-22 07:32:00'),
  (342,146,'completed','2024-11-14 18:21:00','2024-11-17 18:21:00','2024-11-21 18:21:00'),
  (343,11,'completed','2024-11-15 13:19:00','2024-11-18 13:19:00','2024-11-23 13:19:00'),
  (344,79,'completed','2024-11-17 21:01:00','2024-11-18 21:01:00','2024-11-22 21:01:00'),
  (345,118,'shipped','2024-11-18 11:47:00','2024-11-21 11:47:00',NULL),
  (346,168,'completed','2024-11-20 22:58:00','2024-11-23 22:58:00','2024-11-25 22:58:00'),
  (347,117,'shipped','2024-11-21 12:53:00','2024-11-24 12:53:00',NULL),
  (348,158,'completed','2024-11-21 09:51:00','2024-11-22 09:51:00','2024-11-27 09:51:00'),
  (349,176,'completed','2024-11-22 11:20:00','2024-11-23 11:20:00','2024-11-25 11:20:00'),
  (350,149,'completed','2024-11-22 11:06:00','2024-11-25 11:06:00','2024-12-01 11:06:00'),
  (351,181,'shipped','2024-11-23 16:26:00','2024-11-26 16:26:00',NULL),
  (352,178,'completed','2024-11-23 12:45:00','2024-11-25 12:45:00','2024-12-01 12:45:00'),
  (353,176,'completed','2024-11-24 22:11:00','2024-11-25 22:11:00','2024-12-02 22:11:00'),
  (354,30,'completed','2024-11-25 14:46:00','2024-11-27 14:46:00','2024-12-03 14:46:00'),
  (355,97,'completed','2024-11-25 09:30:00','2024-11-28 09:30:00','2024-12-03 09:30:00'),
  (356,100,'completed','2024-11-25 11:29:00','2024-11-28 11:29:00','2024-12-01 11:29:00'),
  (357,108,'completed','2024-11-26 17:14:00','2024-11-28 17:14:00','2024-12-04 17:14:00'),
  (358,23,'completed','2024-11-26 22:55:00','2024-11-27 22:55:00','2024-12-03 22:55:00'),
  (359,147,'completed','2024-11-26 20:02:00','2024-11-27 20:02:00','2024-12-02 20:02:00'),
  (360,22,'completed','2024-11-27 07:44:00','2024-11-30 07:44:00','2024-12-05 07:44:00'),
  (361,95,'shipped','2024-11-27 21:45:00','2024-11-30 21:45:00',NULL),
  (362,86,'completed','2024-11-27 08:18:00','2024-11-29 08:18:00','2024-12-03 08:18:00'),
  (363,132,'shipped','2024-11-29 18:56:00','2024-11-30 18:56:00',NULL),
  (364,94,'completed','2024-11-29 09:35:00','2024-12-02 09:35:00','2024-12-05 09:35:00'),
  (365,193,'completed','2024-11-29 13:48:00','2024-12-02 13:48:00','2024-12-05 13:48:00'),
  (366,116,'completed','2024-11-30 10:30:00','2024-12-03 10:30:00','2024-12-09 10:30:00'),
  (367,17,'completed','2024-12-01 21:05:00','2024-12-02 21:05:00','2024-12-07 21:05:00'),
  (368,189,'shipped','2024-12-01 07:18:00','2024-12-02 07:18:00',NULL),
  (369,134,'shipped','2024-12-01 17:26:00','2024-12-04 17:26:00',NULL),
  (370,171,'processing','2024-12-01 21:29:00',NULL,NULL),
  (371,67,'completed','2024-12-01 22:23:00','2024-12-03 22:23:00','2024-12-05 22:23:00'),
  (372,183,'completed','2024-12-03 16:11:00','2024-12-04 16:11:00','2024-12-11 16:11:00'),
  (373,82,'completed','2024-12-03 11:23:00','2024-12-05 11:23:00','2024-12-11 11:23:00'),
  (374,147,'shipped','2024-12-03 11:51:00','2024-12-06 11:51:00',NULL),
  (375,174,'completed','2024-12-03 10:19:00','2024-12-04 10:19:00','2024-12-09 10:19:00'),
  (376,197,'completed','2024-12-03 13:01:00','2024-12-04 13:01:00','2024-12-10 13:01:00'),
  (377,99,'completed','2024-12-04 07:18:00','2024-12-06 07:18:00','2024-12-10 07:18:00'),
  (378,114,'cancelled','2024-12-05 20:51:00',NULL,NULL),
  (379,151,'shipped','2024-12-05 09:09:00','2024-12-06 09:09:00',NULL),
  (380,152,'cancelled','2024-12-05 19:05:00',NULL,NULL),
  (381,143,'completed','2024-12-05 11:12:00','2024-12-06 11:12:00','2024-12-11 11:12:00'),
  (382,78,'completed','2024-12-06 21:14:00','2024-12-07 21:14:00','2024-12-09 21:14:00'),
  (383,168,'shipped','2024-12-06 16:26:00','2024-12-07 16:26:00',NULL),
  (384,18,'shipped','2024-12-06 18:37:00','2024-12-08 18:37:00',NULL),
  (385,132,'cancelled','2024-12-07 07:54:00',NULL,NULL),
  (386,178,'completed','2024-12-07 18:10:00','2024-12-08 18:10:00','2024-12-12 18:10:00'),
  (387,132,'completed','2024-12-08 12:48:00','2024-12-09 12:48:00','2024-12-15 12:48:00'),
  (388,96,'refunded','2024-12-09 22:26:00',NULL,NULL),
  (389,129,'completed','2024-12-09 13:50:00','2024-12-12 13:50:00','2024-12-18 13:50:00'),
  (390,123,'completed','2024-12-10 16:44:00','2024-12-12 16:44:00','2024-12-15 16:44:00'),
  (391,177,'cancelled','2024-12-10 10:04:00',NULL,NULL),
  (392,28,'completed','2024-12-10 08:30:00','2024-12-11 08:30:00','2024-12-15 08:30:00'),
  (393,155,'completed','2024-12-11 13:11:00','2024-12-14 13:11:00','2024-12-18 13:11:00'),
  (394,90,'completed','2024-12-11 12:54:00','2024-12-14 12:54:00','2024-12-21 12:54:00'),
  (395,44,'cancelled','2024-12-11 07:46:00',NULL,NULL),
  (396,122,'completed','2024-12-11 12:28:00','2024-12-14 12:28:00','2024-12-16 12:28:00'),
  (397,105,'completed','2024-12-12 17:07:00','2024-12-14 17:07:00','2024-12-16 17:07:00'),
  (398,117,'shipped','2024-12-12 16:43:00','2024-12-14 16:43:00',NULL),
  (399,49,'completed','2024-12-12 22:43:00','2024-12-14 22:43:00','2024-12-17 22:43:00'),
  (400,169,'shipped','2024-12-12 09:07:00','2024-12-13 09:07:00',NULL),
  (401,44,'completed','2024-12-12 18:12:00','2024-12-14 18:12:00','2024-12-17 18:12:00'),
  (402,194,'shipped','2024-12-13 19:22:00','2024-12-15 19:22:00',NULL),
  (403,126,'completed','2024-12-14 14:40:00','2024-12-15 14:40:00','2024-12-17 14:40:00'),
  (404,174,'completed','2024-12-15 11:19:00','2024-12-18 11:19:00','2024-12-24 11:19:00'),
  (405,120,'completed','2024-12-15 16:42:00','2024-12-17 16:42:00','2024-12-22 16:42:00'),
  (406,97,'completed','2024-12-15 21:02:00','2024-12-16 21:02:00','2024-12-19 21:02:00'),
  (407,29,'completed','2024-12-15 22:42:00','2024-12-18 22:42:00','2024-12-25 22:42:00'),
  (408,91,'refunded','2024-12-15 16:20:00',NULL,NULL),
  (409,90,'cancelled','2024-12-16 07:48:00',NULL,NULL),
  (410,80,'shipped','2024-12-16 09:58:00','2024-12-19 09:58:00',NULL),
  (411,138,'completed','2024-12-17 08:29:00','2024-12-20 08:29:00','2024-12-25 08:29:00'),
  (412,147,'completed','2024-12-17 22:06:00','2024-12-20 22:06:00','2024-12-27 22:06:00'),
  (413,158,'completed','2024-12-17 18:27:00','2024-12-18 18:27:00','2024-12-23 18:27:00'),
  (414,24,'processing','2024-12-18 10:37:00',NULL,NULL),
  (415,110,'completed','2024-12-19 18:50:00','2024-12-20 18:50:00','2024-12-27 18:50:00'),
  (416,48,'completed','2024-12-19 22:13:00','2024-12-22 22:13:00','2024-12-29 22:13:00'),
  (417,17,'shipped','2024-12-19 13:54:00','2024-12-21 13:54:00',NULL),
  (418,154,'completed','2024-12-21 19:15:00','2024-12-22 19:15:00','2024-12-25 19:15:00'),
  (419,112,'completed','2024-12-21 08:12:00','2024-12-22 08:12:00','2024-12-26 08:12:00'),
  (420,165,'completed','2024-12-21 22:50:00','2024-12-22 22:50:00','2024-12-24 22:50:00'),
  (421,61,'completed','2024-12-21 10:33:00','2024-12-24 10:33:00','2024-12-30 10:33:00'),
  (422,137,'completed','2024-12-21 10:20:00','2024-12-24 10:20:00','2024-12-29 10:20:00'),
  (423,9,'cancelled','2024-12-22 08:44:00',NULL,NULL),
  (424,61,'completed','2024-12-22 19:00:00','2024-12-24 19:00:00','2024-12-28 19:00:00'),
  (425,162,'completed','2024-12-22 20:50:00','2024-12-23 20:50:00','2024-12-27 20:50:00'),
  (426,91,'completed','2024-12-22 17:29:00','2024-12-25 17:29:00','2024-12-27 17:29:00'),
  (427,34,'shipped','2024-12-23 20:50:00','2024-12-25 20:50:00',NULL),
  (428,73,'completed','2024-12-23 09:26:00','2024-12-25 09:26:00','2024-12-28 09:26:00'),
  (429,166,'shipped','2024-12-23 14:58:00','2024-12-24 14:58:00',NULL),
  (430,184,'completed','2024-12-24 20:49:00','2024-12-26 20:49:00','2025-01-02 20:49:00'),
  (431,111,'completed','2024-12-24 13:52:00','2024-12-26 13:52:00','2025-01-02 13:52:00'),
  (432,166,'completed','2024-12-25 09:00:00','2024-12-27 09:00:00','2024-12-30 09:00:00'),
  (433,91,'shipped','2024-12-25 08:00:00','2024-12-27 08:00:00',NULL),
  (434,11,'completed','2024-12-25 12:16:00','2024-12-26 12:16:00','2025-01-01 12:16:00'),
  (435,33,'completed','2024-12-26 15:47:00','2024-12-28 15:47:00','2025-01-02 15:47:00'),
  (436,133,'completed','2024-12-26 20:57:00','2024-12-27 20:57:00','2024-12-31 20:57:00'),
  (437,10,'completed','2024-12-27 15:10:00','2024-12-30 15:10:00','2025-01-04 15:10:00'),
  (438,32,'completed','2024-12-28 09:13:00','2024-12-30 09:13:00','2025-01-02 09:13:00'),
  (439,25,'completed','2024-12-29 07:18:00','2025-01-01 07:18:00','2025-01-08 07:18:00'),
  (440,40,'completed','2024-12-29 09:29:00','2025-01-01 09:29:00','2025-01-08 09:29:00'),
  (441,188,'cancelled','2024-12-29 11:13:00',NULL,NULL),
  (442,46,'completed','2024-12-30 19:05:00','2024-12-31 19:05:00','2025-01-03 19:05:00'),
  (443,40,'completed','2024-12-31 16:31:00','2025-01-02 16:31:00','2025-01-09 16:31:00'),
  (444,95,'shipped','2024-12-31 12:27:00','2025-01-03 12:27:00',NULL),
  (445,40,'completed','2024-12-31 09:18:00','2025-01-02 09:18:00','2025-01-07 09:18:00'),
  (446,134,'completed','2025-01-01 16:36:00','2025-01-02 16:36:00','2025-01-08 16:36:00'),
  (447,119,'shipped','2025-01-02 15:22:00','2025-01-04 15:22:00',NULL),
  (448,101,'completed','2025-01-02 09:26:00','2025-01-05 09:26:00','2025-01-09 09:26:00'),
  (449,68,'completed','2025-01-03 12:13:00','2025-01-04 12:13:00','2025-01-06 12:13:00'),
  (450,104,'shipped','2025-01-07 22:19:00','2025-01-10 22:19:00',NULL),
  (451,29,'completed','2025-01-08 13:54:00','2025-01-09 13:54:00','2025-01-12 13:54:00'),
  (452,38,'completed','2025-01-11 20:01:00','2025-01-12 20:01:00','2025-01-15 20:01:00'),
  (453,111,'completed','2025-01-12 22:47:00','2025-01-15 22:47:00','2025-01-21 22:47:00'),
  (454,125,'completed','2025-01-12 08:33:00','2025-01-13 08:33:00','2025-01-18 08:33:00'),
  (455,115,'processing','2025-01-14 20:01:00',NULL,NULL),
  (456,60,'completed','2025-01-20 14:37:00','2025-01-23 14:37:00','2025-01-27 14:37:00'),
  (457,160,'completed','2025-01-20 16:44:00','2025-01-23 16:44:00','2025-01-25 16:44:00'),
  (458,92,'shipped','2025-01-22 12:11:00','2025-01-25 12:11:00',NULL),
  (459,59,'completed','2025-01-22 14:31:00','2025-01-24 14:31:00','2025-01-28 14:31:00'),
  (460,28,'shipped','2025-01-24 10:52:00','2025-01-27 10:52:00',NULL),
  (461,53,'completed','2025-01-24 12:46:00','2025-01-26 12:46:00','2025-02-02 12:46:00'),
  (462,113,'completed','2025-01-25 07:15:00','2025-01-27 07:15:00','2025-01-31 07:15:00'),
  (463,93,'shipped','2025-01-25 14:09:00','2025-01-28 14:09:00',NULL),
  (464,133,'processing','2025-01-27 18:01:00',NULL,NULL),
  (465,103,'refunded','2025-01-29 12:27:00',NULL,NULL),
  (466,39,'completed','2025-01-31 08:40:00','2025-02-03 08:40:00','2025-02-10 08:40:00'),
  (467,38,'processing','2025-01-31 19:28:00',NULL,NULL),
  (468,167,'completed','2025-02-01 13:56:00','2025-02-03 13:56:00','2025-02-05 13:56:00'),
  (469,134,'completed','2025-02-03 16:13:00','2025-02-04 16:13:00','2025-02-10 16:13:00'),
  (470,109,'completed','2025-02-03 10:46:00','2025-02-04 10:46:00','2025-02-08 10:46:00'),
  (471,32,'completed','2025-02-04 16:36:00','2025-02-07 16:36:00','2025-02-09 16:36:00'),
  (472,60,'completed','2025-02-06 16:18:00','2025-02-09 16:18:00','2025-02-16 16:18:00'),
  (473,21,'completed','2025-02-06 08:27:00','2025-02-07 08:27:00','2025-02-12 08:27:00'),
  (474,133,'refunded','2025-02-07 19:55:00',NULL,NULL),
  (475,177,'completed','2025-02-09 20:52:00','2025-02-10 20:52:00','2025-02-13 20:52:00'),
  (476,9,'cancelled','2025-02-09 12:35:00',NULL,NULL),
  (477,31,'completed','2025-02-10 16:02:00','2025-02-13 16:02:00','2025-02-16 16:02:00'),
  (478,37,'completed','2025-02-10 20:03:00','2025-02-12 20:03:00','2025-02-16 20:03:00'),
  (479,18,'completed','2025-02-11 20:30:00','2025-02-14 20:30:00','2025-02-18 20:30:00'),
  (480,118,'cancelled','2025-02-13 21:42:00',NULL,NULL),
  (481,60,'completed','2025-02-15 17:34:00','2025-02-16 17:34:00','2025-02-23 17:34:00'),
  (482,194,'completed','2025-02-15 13:48:00','2025-02-17 13:48:00','2025-02-23 13:48:00'),
  (483,6,'completed','2025-02-16 20:11:00','2025-02-18 20:11:00','2025-02-20 20:11:00'),
  (484,16,'shipped','2025-02-16 17:11:00','2025-02-17 17:11:00',NULL),
  (485,31,'completed','2025-02-18 13:15:00','2025-02-21 13:15:00','2025-02-27 13:15:00'),
  (486,142,'completed','2025-02-18 09:30:00','2025-02-19 09:30:00','2025-02-24 09:30:00'),
  (487,33,'completed','2025-02-18 20:28:00','2025-02-19 20:28:00','2025-02-26 20:28:00'),
  (488,116,'completed','2025-02-20 07:52:00','2025-02-22 07:52:00','2025-02-28 07:52:00'),
  (489,154,'completed','2025-02-22 19:22:00','2025-02-25 19:22:00','2025-02-28 19:22:00'),
  (490,72,'completed','2025-02-22 13:39:00','2025-02-25 13:39:00','2025-03-01 13:39:00'),
  (491,1,'shipped','2025-02-24 22:00:00','2025-02-25 22:00:00',NULL),
  (492,167,'shipped','2025-02-24 09:34:00','2025-02-25 09:34:00',NULL),
  (493,197,'processing','2025-02-25 07:07:00',NULL,NULL),
  (494,182,'completed','2025-02-25 13:05:00','2025-02-28 13:05:00','2025-03-07 13:05:00'),
  (495,10,'completed','2025-02-25 22:57:00','2025-02-28 22:57:00','2025-03-07 22:57:00'),
  (496,145,'shipped','2025-02-25 12:04:00','2025-02-28 12:04:00',NULL),
  (497,59,'completed','2025-02-25 15:12:00','2025-02-28 15:12:00','2025-03-02 15:12:00'),
  (498,120,'completed','2025-02-28 18:33:00','2025-03-01 18:33:00','2025-03-08 18:33:00'),
  (499,101,'completed','2025-03-01 17:05:00','2025-03-04 17:05:00','2025-03-06 17:05:00'),
  (500,86,'completed','2025-03-03 14:04:00','2025-03-06 14:04:00','2025-03-12 14:04:00'),
  (501,178,'completed','2025-03-04 11:03:00','2025-03-06 11:03:00','2025-03-08 11:03:00'),
  (502,103,'completed','2025-03-06 20:14:00','2025-03-09 20:14:00','2025-03-16 20:14:00'),
  (503,7,'completed','2025-03-08 17:37:00','2025-03-09 17:37:00','2025-03-11 17:37:00'),
  (504,147,'completed','2025-03-12 15:22:00','2025-03-14 15:22:00','2025-03-19 15:22:00'),
  (505,150,'completed','2025-03-14 11:09:00','2025-03-16 11:09:00','2025-03-20 11:09:00'),
  (506,144,'completed','2025-03-16 20:22:00','2025-03-17 20:22:00','2025-03-20 20:22:00'),
  (507,149,'completed','2025-03-21 17:39:00','2025-03-23 17:39:00','2025-03-28 17:39:00'),
  (508,164,'completed','2025-03-23 14:29:00','2025-03-26 14:29:00','2025-03-29 14:29:00'),
  (509,97,'completed','2025-03-24 19:11:00','2025-03-25 19:11:00','2025-03-29 19:11:00'),
  (510,196,'completed','2025-03-25 08:01:00','2025-03-26 08:01:00','2025-03-29 08:01:00'),
  (511,142,'completed','2025-03-25 12:12:00','2025-03-26 12:12:00','2025-03-29 12:12:00'),
  (512,160,'completed','2025-03-25 09:07:00','2025-03-26 09:07:00','2025-03-29 09:07:00'),
  (513,14,'shipped','2025-03-26 15:55:00','2025-03-27 15:55:00',NULL),
  (514,193,'shipped','2025-03-27 18:31:00','2025-03-30 18:31:00',NULL),
  (515,69,'completed','2025-03-29 19:40:00','2025-04-01 19:40:00','2025-04-08 19:40:00'),
  (516,97,'completed','2025-03-29 12:59:00','2025-03-31 12:59:00','2025-04-04 12:59:00'),
  (517,110,'completed','2025-04-01 21:27:00','2025-04-03 21:27:00','2025-04-07 21:27:00'),
  (518,10,'completed','2025-04-03 13:21:00','2025-04-04 13:21:00','2025-04-11 13:21:00'),
  (519,49,'processing','2025-04-04 11:54:00',NULL,NULL),
  (520,149,'cancelled','2025-04-05 07:30:00',NULL,NULL),
  (521,60,'completed','2025-04-05 21:46:00','2025-04-07 21:46:00','2025-04-11 21:46:00'),
  (522,169,'completed','2025-04-07 17:14:00','2025-04-09 17:14:00','2025-04-14 17:14:00'),
  (523,40,'completed','2025-04-08 19:24:00','2025-04-09 19:24:00','2025-04-14 19:24:00'),
  (524,116,'shipped','2025-04-09 16:05:00','2025-04-10 16:05:00',NULL),
  (525,155,'completed','2025-04-10 07:11:00','2025-04-11 07:11:00','2025-04-13 07:11:00'),
  (526,18,'completed','2025-04-15 13:08:00','2025-04-16 13:08:00','2025-04-20 13:08:00'),
  (527,71,'completed','2025-04-15 07:09:00','2025-04-17 07:09:00','2025-04-19 07:09:00'),
  (528,180,'processing','2025-04-16 16:25:00',NULL,NULL),
  (529,118,'completed','2025-04-16 12:44:00','2025-04-19 12:44:00','2025-04-21 12:44:00'),
  (530,171,'completed','2025-04-18 13:58:00','2025-04-20 13:58:00','2025-04-25 13:58:00'),
  (531,102,'completed','2025-04-19 07:16:00','2025-04-20 07:16:00','2025-04-27 07:16:00'),
  (532,32,'completed','2025-04-19 19:10:00','2025-04-20 19:10:00','2025-04-27 19:10:00'),
  (533,170,'processing','2025-04-19 10:24:00',NULL,NULL),
  (534,64,'completed','2025-04-20 14:12:00','2025-04-21 14:12:00','2025-04-23 14:12:00'),
  (535,132,'completed','2025-04-20 17:20:00','2025-04-23 17:20:00','2025-04-30 17:20:00'),
  (536,60,'completed','2025-04-22 10:22:00','2025-04-24 10:22:00','2025-04-27 10:22:00'),
  (537,17,'shipped','2025-04-22 15:41:00','2025-04-25 15:41:00',NULL),
  (538,197,'shipped','2025-04-23 22:06:00','2025-04-26 22:06:00',NULL),
  (539,162,'processing','2025-04-26 19:43:00',NULL,NULL),
  (540,86,'completed','2025-04-26 21:24:00','2025-04-29 21:24:00','2025-05-06 21:24:00'),
  (541,159,'completed','2025-04-27 08:08:00','2025-04-29 08:08:00','2025-05-04 08:08:00'),
  (542,190,'completed','2025-04-28 11:17:00','2025-04-30 11:17:00','2025-05-07 11:17:00'),
  (543,57,'shipped','2025-04-29 19:33:00','2025-05-01 19:33:00',NULL),
  (544,18,'completed','2025-04-29 08:40:00','2025-04-30 08:40:00','2025-05-03 08:40:00'),
  (545,61,'completed','2025-05-06 09:27:00','2025-05-09 09:27:00','2025-05-14 09:27:00'),
  (546,78,'completed','2025-05-06 21:40:00','2025-05-07 21:40:00','2025-05-11 21:40:00'),
  (547,195,'completed','2025-05-07 11:35:00','2025-05-10 11:35:00','2025-05-13 11:35:00'),
  (548,124,'completed','2025-05-08 17:08:00','2025-05-11 17:08:00','2025-05-16 17:08:00'),
  (549,186,'completed','2025-05-08 22:25:00','2025-05-10 22:25:00','2025-05-15 22:25:00'),
  (550,131,'processing','2025-05-08 22:40:00',NULL,NULL),
  (551,9,'completed','2025-05-11 07:44:00','2025-05-14 07:44:00','2025-05-21 07:44:00'),
  (552,42,'completed','2025-05-11 10:49:00','2025-05-12 10:49:00','2025-05-19 10:49:00'),
  (553,65,'processing','2025-05-12 16:32:00',NULL,NULL),
  (554,37,'completed','2025-05-12 13:59:00','2025-05-15 13:59:00','2025-05-20 13:59:00'),
  (555,46,'completed','2025-05-12 12:45:00','2025-05-13 12:45:00','2025-05-16 12:45:00'),
  (556,105,'completed','2025-05-12 10:55:00','2025-05-15 10:55:00','2025-05-18 10:55:00'),
  (557,150,'completed','2025-05-13 22:31:00','2025-05-16 22:31:00','2025-05-18 22:31:00'),
  (558,11,'completed','2025-05-14 13:33:00','2025-05-15 13:33:00','2025-05-20 13:33:00'),
  (559,81,'completed','2025-05-14 18:42:00','2025-05-16 18:42:00','2025-05-21 18:42:00'),
  (560,36,'completed','2025-05-15 10:55:00','2025-05-18 10:55:00','2025-05-22 10:55:00'),
  (561,190,'shipped','2025-05-16 09:22:00','2025-05-18 09:22:00',NULL),
  (562,184,'completed','2025-05-16 08:08:00','2025-05-18 08:08:00','2025-05-20 08:08:00'),
  (563,115,'completed','2025-05-16 22:42:00','2025-05-19 22:42:00','2025-05-22 22:42:00'),
  (564,8,'completed','2025-05-18 17:57:00','2025-05-20 17:57:00','2025-05-24 17:57:00'),
  (565,171,'completed','2025-05-24 22:05:00','2025-05-27 22:05:00','2025-05-31 22:05:00'),
  (566,112,'completed','2025-05-25 14:16:00','2025-05-26 14:16:00','2025-05-30 14:16:00'),
  (567,95,'completed','2025-05-25 17:24:00','2025-05-28 17:24:00','2025-06-04 17:24:00'),
  (568,109,'completed','2025-05-26 18:51:00','2025-05-29 18:51:00','2025-06-01 18:51:00'),
  (569,57,'completed','2025-05-28 21:09:00','2025-05-31 21:09:00','2025-06-04 21:09:00'),
  (570,177,'completed','2025-05-30 15:54:00','2025-06-02 15:54:00','2025-06-08 15:54:00'),
  (571,54,'cancelled','2025-05-30 14:44:00',NULL,NULL),
  (572,169,'completed','2025-05-31 07:35:00','2025-06-02 07:35:00','2025-06-06 07:35:00'),
  (573,25,'completed','2025-05-31 17:48:00','2025-06-03 17:48:00','2025-06-05 17:48:00'),
  (574,148,'completed','2025-06-01 11:24:00','2025-06-03 11:24:00','2025-06-10 11:24:00'),
  (575,63,'completed','2025-06-01 10:15:00','2025-06-03 10:15:00','2025-06-08 10:15:00'),
  (576,178,'shipped','2025-06-02 09:49:00','2025-06-04 09:49:00',NULL),
  (577,131,'completed','2025-06-02 07:37:00','2025-06-05 07:37:00','2025-06-11 07:37:00'),
  (578,17,'processing','2025-06-02 12:25:00',NULL,NULL),
  (579,167,'completed','2025-06-03 13:42:00','2025-06-04 13:42:00','2025-06-07 13:42:00'),
  (580,140,'completed','2025-06-03 20:42:00','2025-06-04 20:42:00','2025-06-07 20:42:00'),
  (581,36,'completed','2025-06-04 22:44:00','2025-06-06 22:44:00','2025-06-12 22:44:00'),
  (582,187,'shipped','2025-06-04 20:04:00','2025-06-07 20:04:00',NULL),
  (583,117,'completed','2025-06-05 15:43:00','2025-06-07 15:43:00','2025-06-14 15:43:00'),
  (584,179,'shipped','2025-06-06 13:45:00','2025-06-08 13:45:00',NULL),
  (585,112,'completed','2025-06-06 07:38:00','2025-06-07 07:38:00','2025-06-09 07:38:00'),
  (586,86,'refunded','2025-06-07 15:09:00',NULL,NULL),
  (587,135,'cancelled','2025-06-08 16:37:00',NULL,NULL),
  (588,82,'cancelled','2025-06-08 19:11:00',NULL,NULL),
  (589,142,'shipped','2025-06-10 19:30:00','2025-06-13 19:30:00',NULL),
  (590,169,'completed','2025-06-11 11:24:00','2025-06-14 11:24:00','2025-06-21 11:24:00'),
  (591,64,'shipped','2025-06-12 20:45:00','2025-06-14 20:45:00',NULL),
  (592,71,'completed','2025-06-12 14:19:00','2025-06-15 14:19:00','2025-06-17 14:19:00'),
  (593,132,'processing','2025-06-12 10:25:00',NULL,NULL),
  (594,183,'completed','2025-06-12 18:15:00','2025-06-15 18:15:00','2025-06-22 18:15:00'),
  (595,98,'completed','2025-06-13 18:07:00','2025-06-15 18:07:00','2025-06-22 18:07:00'),
  (596,55,'completed','2025-06-13 19:13:00','2025-06-15 19:13:00','2025-06-22 19:13:00'),
  (597,77,'completed','2025-06-14 10:00:00','2025-06-16 10:00:00','2025-06-23 10:00:00'),
  (598,106,'completed','2025-06-14 22:00:00','2025-06-15 22:00:00','2025-06-22 22:00:00'),
  (599,47,'completed','2025-06-15 15:06:00','2025-06-17 15:06:00','2025-06-24 15:06:00'),
  (600,171,'completed','2025-06-15 10:26:00','2025-06-17 10:26:00','2025-06-23 10:26:00'),
  (601,100,'completed','2025-06-15 10:06:00','2025-06-16 10:06:00','2025-06-19 10:06:00'),
  (602,153,'cancelled','2025-06-16 07:27:00',NULL,NULL),
  (603,48,'completed','2025-06-18 15:49:00','2025-06-19 15:49:00','2025-06-23 15:49:00'),
  (604,158,'completed','2025-06-19 09:55:00','2025-06-20 09:55:00','2025-06-25 09:55:00'),
  (605,78,'completed','2025-06-20 15:23:00','2025-06-22 15:23:00','2025-06-26 15:23:00'),
  (606,26,'completed','2025-06-20 12:16:00','2025-06-22 12:16:00','2025-06-26 12:16:00'),
  (607,34,'completed','2025-06-21 18:47:00','2025-06-23 18:47:00','2025-06-30 18:47:00'),
  (608,168,'completed','2025-06-22 13:45:00','2025-06-24 13:45:00','2025-06-26 13:45:00'),
  (609,195,'completed','2025-06-22 11:02:00','2025-06-23 11:02:00','2025-06-26 11:02:00'),
  (610,162,'processing','2025-06-23 10:58:00',NULL,NULL),
  (611,71,'processing','2025-06-24 11:18:00',NULL,NULL),
  (612,49,'cancelled','2025-06-24 19:31:00',NULL,NULL),
  (613,200,'completed','2025-06-24 19:38:00','2025-06-26 19:38:00','2025-06-29 19:38:00'),
  (614,117,'completed','2025-06-24 15:19:00','2025-06-25 15:19:00','2025-06-29 15:19:00'),
  (615,165,'completed','2025-06-26 13:34:00','2025-06-27 13:34:00','2025-06-29 13:34:00'),
  (616,84,'completed','2025-06-28 07:52:00','2025-06-30 07:52:00','2025-07-03 07:52:00'),
  (617,185,'cancelled','2025-06-29 19:41:00',NULL,NULL),
  (618,114,'completed','2025-06-30 17:17:00','2025-07-01 17:17:00','2025-07-07 17:17:00'),
  (619,127,'completed','2025-06-30 21:11:00','2025-07-01 21:11:00','2025-07-04 21:11:00'),
  (620,166,'completed','2025-06-30 10:46:00','2025-07-03 10:46:00','2025-07-06 10:46:00');

INSERT INTO order_items (order_item_id,order_id,product_id,quantity,unit_price) VALUES
  (1,1,20,1,66.78),
  (2,1,17,1,28.81),
  (3,1,14,1,25.08),
  (4,1,4,1,408.73),
  (5,2,18,1,34.61),
  (6,2,17,1,29.34),
  (7,2,26,2,28.24),
  (8,2,1,1,125.22),
  (9,3,5,2,57.37),
  (10,4,10,3,45.06),
  (11,5,11,1,41.19),
  (12,5,9,3,99.39),
  (13,5,4,2,387.46),
  (14,6,27,1,23.09),
  (15,6,6,2,248.64),
  (16,7,9,1,95.74),
  (17,7,21,2,49.31),
  (18,7,26,3,29.51),
  (19,7,2,1,48.2),
  (20,8,13,1,47.01),
  (21,9,11,1,40.59),
  (22,10,20,3,66.25),
  (23,10,10,2,44.77),
  (24,11,3,1,90.44),
  (25,12,7,1,82.33),
  (26,13,3,2,89.07),
  (27,13,10,1,44.59),
  (28,14,5,1,61.96),
  (29,14,29,1,13.34),
  (30,15,23,3,17.5),
  (31,16,21,1,49.0),
  (32,17,29,3,12.78),
  (33,17,20,2,62.01),
  (34,18,21,1,49.98),
  (35,18,1,2,126.67),
  (36,19,7,1,80.84),
  (37,19,11,2,40.93),
  (38,20,11,1,39.86),
  (39,20,8,1,53.6),
  (40,21,24,3,48.29),
  (41,21,11,1,41.51),
  (42,21,7,1,83.72),
  (43,21,25,1,16.23),
  (44,22,4,2,397.23),
  (45,23,18,1,33.92),
  (46,24,26,1,30.4),
  (47,25,13,1,42.92),
  (48,25,17,2,28.59),
  (49,26,20,1,63.81),
  (50,27,23,2,17.63),
  (51,27,19,2,78.94),
  (52,28,20,2,63.47),
  (53,28,16,1,30.23),
  (54,29,8,1,57.45),
  (55,29,2,1,47.59),
  (56,29,19,2,77.2),
  (57,30,5,1,60.1),
  (58,31,11,2,40.69),
  (59,31,18,1,36.05),
  (60,31,12,1,36.59),
  (61,32,12,3,35.2),
  (62,33,26,2,28.37),
  (63,33,5,1,59.64),
  (64,33,10,1,43.65),
  (65,33,2,1,50.97),
  (66,34,8,1,52.53),
  (67,35,30,2,26.08),
  (68,35,6,1,249.43),
  (69,35,14,1,26.15),
  (70,35,21,3,50.72),
  (71,36,30,1,26.02),
  (72,36,2,1,51.9),
  (73,37,1,3,131.33),
  (74,37,10,1,44.78),
  (75,37,19,1,83.1),
  (76,38,9,2,96.85),
  (77,38,23,2,18.11),
  (78,39,5,3,59.85),
  (79,40,9,1,98.59),
  (80,40,21,1,49.82),
  (81,41,30,1,26.09),
  (82,42,20,1,64.44),
  (83,42,12,2,35.12),
  (84,43,19,2,76.89),
  (85,44,22,1,40.86),
  (86,44,7,1,79.55),
  (87,45,9,2,103.15),
  (88,46,30,1,23.82),
  (89,46,29,3,13.34),
  (90,46,3,3,89.27),
  (91,46,16,3,31.1),
  (92,47,18,1,34.62),
  (93,48,14,1,24.69),
  (94,48,18,1,33.78),
  (95,49,30,1,25.96),
  (96,49,29,2,13.12),
  (97,50,10,2,46.41),
  (98,50,8,2,55.53),
  (99,51,19,3,83.03),
  (100,52,26,1,28.46),
  (101,52,17,2,27.92),
  (102,53,14,1,25.06),
  (103,53,18,2,36.47),
  (104,54,3,2,87.18),
  (105,55,1,3,125.02),
  (106,55,7,1,77.93),
  (107,55,30,1,24.54),
  (108,55,24,1,50.73),
  (109,56,11,1,39.47),
  (110,56,30,1,24.29),
  (111,56,7,1,81.75),
  (112,57,16,2,29.0),
  (113,57,15,2,38.73),
  (114,58,1,2,128.85),
  (115,59,30,2,26.02),
  (116,59,20,1,61.82),
  (117,60,6,1,241.21),
  (118,60,4,2,401.05),
  (119,60,30,1,24.41),
  (120,60,17,1,27.63),
  (121,61,28,1,20.51),
  (122,61,21,1,50.25),
  (123,62,30,2,24.27),
  (124,62,2,1,51.93),
  (125,62,8,1,52.5),
  (126,63,19,1,81.69),
  (127,63,5,2,60.39),
  (128,63,25,1,17.06),
  (129,63,27,2,23.66),
  (130,64,20,1,68.04),
  (131,64,13,1,46.27),
  (132,65,23,2,17.37),
  (133,65,3,1,92.15),
  (134,65,9,2,99.44),
  (135,66,3,2,90.86),
  (136,67,29,2,13.02),
  (137,67,8,1,54.95),
  (138,67,19,1,79.36),
  (139,68,4,1,385.41),
  (140,69,27,2,23.73),
  (141,70,11,3,40.52),
  (142,70,10,1,44.21),
  (143,70,24,3,49.32),
  (144,70,23,1,18.32),
  (145,71,27,2,23.72),
  (146,71,23,1,17.83),
  (147,71,3,1,91.19),
  (148,72,20,1,65.52),
  (149,72,16,1,31.1),
  (150,73,12,1,35.5),
  (151,73,6,2,262.08),
  (152,74,1,1,126.85),
  (153,74,4,1,400.74),
  (154,75,19,3,77.2),
  (155,75,23,3,17.62),
  (156,75,17,1,26.99),
  (157,76,23,1,17.66),
  (158,76,15,2,38.45),
  (159,77,18,1,34.73),
  (160,78,24,1,50.56),
  (161,79,3,1,92.69),
  (162,79,19,1,77.57),
  (163,79,4,3,399.57),
  (164,80,28,1,19.91),
  (165,81,3,1,86.7),
  (166,81,22,1,39.21),
  (167,82,14,1,24.96),
  (168,82,6,1,260.76),
  (169,83,7,1,79.06),
  (170,83,27,1,22.78),
  (171,84,8,1,53.75),
  (172,84,10,1,46.22),
  (173,84,2,1,50.35),
  (174,85,14,2,25.58),
  (175,85,4,1,397.98),
  (176,86,28,1,20.21),
  (177,86,23,2,18.5),
  (178,87,23,1,17.62),
  (179,88,9,2,96.26),
  (180,88,28,2,19.49),
  (181,88,21,2,51.63),
  (182,89,14,1,24.68),
  (183,90,29,1,12.93),
  (184,90,12,2,36.28),
  (185,91,18,3,34.63),
  (186,92,5,2,62.1),
  (187,92,19,1,82.09),
  (188,93,14,3,26.23),
  (189,93,7,2,78.41),
  (190,94,29,1,13.18),
  (191,95,1,1,129.69),
  (192,95,7,1,76.05),
  (193,96,4,1,394.69),
  (194,96,11,2,41.24),
  (195,97,6,1,246.27),
  (196,97,15,1,41.67),
  (197,98,12,1,34.34),
  (198,98,14,2,25.24),
  (199,99,13,1,44.07),
  (200,100,3,1,93.49),
  (201,100,17,1,27.48),
  (202,101,3,1,85.61),
  (203,102,14,1,23.95),
  (204,102,23,1,17.59),
  (205,102,13,2,43.65),
  (206,103,28,1,19.11),
  (207,103,8,1,54.63),
  (208,104,4,2,408.31),
  (209,104,1,2,130.21),
  (210,105,9,3,97.62),
  (211,105,17,1,27.98),
  (212,105,3,1,88.8),
  (213,106,12,1,34.58),
  (214,107,24,1,48.85),
  (215,107,11,3,40.0),
  (216,108,18,1,34.84),
  (217,109,25,2,17.07),
  (218,109,7,1,77.85),
  (219,109,24,3,51.88),
  (220,109,29,1,13.29),
  (221,110,2,2,52.1),
  (222,111,5,1,60.81),
  (223,112,30,2,25.49),
  (224,112,26,1,28.33),
  (225,112,13,1,43.23),
  (226,113,15,1,41.4),
  (227,113,9,2,98.03),
  (228,114,13,2,44.08),
  (229,114,17,1,28.15),
  (230,114,2,1,48.1),
  (231,114,22,1,38.88),
  (232,115,27,3,22.01),
  (233,116,28,1,20.65),
  (234,117,13,1,44.46),
  (235,117,16,1,31.21),
  (236,117,1,1,125.42),
  (237,118,9,1,98.82),
  (238,119,26,1,28.54),
  (239,119,16,1,29.3),
  (240,120,16,3,30.79),
  (241,120,17,1,29.32),
  (242,120,12,1,35.54),
  (243,121,28,2,19.63),
  (244,121,6,2,252.28),
  (245,121,8,1,55.36),
  (246,121,19,2,82.68),
  (247,122,20,1,63.16),
  (248,123,19,1,81.63),
  (249,124,5,2,62.84),
  (250,125,30,1,25.71),
  (251,125,20,1,62.88),
  (252,126,25,1,16.45),
  (253,126,19,1,80.88),
  (254,126,2,1,51.22),
  (255,127,24,1,49.17),
  (256,127,29,2,12.61),
  (257,128,24,1,49.59),
  (258,129,22,1,38.64),
  (259,129,8,1,53.86),
  (260,130,18,1,36.66),
  (261,130,29,2,13.5),
  (262,131,7,1,79.26),
  (263,132,19,1,80.39),
  (264,133,6,3,253.44),
  (265,134,22,1,38.35),
  (266,134,9,1,96.86),
  (267,135,22,2,40.66),
  (268,135,4,1,410.25),
  (269,135,3,1,89.26),
  (270,136,28,1,20.42),
  (271,137,6,2,261.79),
  (272,138,27,2,23.28),
  (273,139,30,2,23.77),
  (274,139,28,1,20.55),
  (275,140,29,2,12.68),
  (276,140,12,1,34.9),
  (277,140,14,2,25.29),
  (278,141,29,2,12.78),
  (279,141,12,2,36.19),
  (280,141,1,1,136.13),
  (281,142,3,3,89.47),
  (282,142,7,1,79.87),
  (283,143,5,2,62.1),
  (284,143,25,1,17.56),
  (285,144,15,1,40.01),
  (286,145,20,3,64.64),
  (287,146,9,1,101.88),
  (288,146,24,1,49.42),
  (289,146,27,3,23.16),
  (290,147,14,2,25.02),
  (291,148,21,1,51.49),
  (292,148,6,3,252.7),
  (293,148,20,2,66.37),
  (294,149,15,1,39.2),
  (295,150,20,1,63.68),
  (296,150,10,1,44.2),
  (297,151,26,1,28.71),
  (298,151,28,1,20.98),
  (299,151,20,1,64.26),
  (300,152,21,3,49.87),
  (301,152,26,1,28.41),
  (302,153,24,3,50.29),
  (303,153,26,2,30.15),
  (304,154,4,1,382.14),
  (305,154,16,1,30.35),
  (306,155,7,3,78.73),
  (307,156,16,1,31.45),
  (308,156,11,1,41.03),
  (309,156,21,2,49.94),
  (310,157,7,3,81.84),
  (311,158,8,1,57.06),
  (312,158,23,2,17.39),
  (313,159,11,1,40.99),
  (314,159,29,2,13.52),
  (315,159,16,1,28.55),
  (316,159,12,1,36.69),
  (317,160,26,1,28.63),
  (318,160,2,1,51.35),
  (319,161,14,1,24.69),
  (320,161,15,2,38.6),
  (321,162,23,2,17.84),
  (322,162,5,1,60.7),
  (323,163,12,1,33.8),
  (324,163,23,1,18.33),
  (325,163,14,2,26.01),
  (326,163,10,1,43.41),
  (327,164,8,3,54.75),
  (328,165,12,2,34.33),
  (329,165,26,1,27.57),
  (330,165,22,2,39.3),
  (331,166,6,1,247.5),
  (332,166,4,2,413.42),
  (333,166,13,1,44.89),
  (334,167,28,1,20.81),
  (335,167,6,1,248.44),
  (336,167,4,2,404.44),
  (337,167,14,2,25.56),
  (338,168,11,2,38.04),
  (339,169,23,2,17.26),
  (340,169,20,1,65.91),
  (341,170,28,1,19.14),
  (342,170,16,1,30.01),
  (343,170,6,1,257.92),
  (344,171,16,1,30.73),
  (345,172,21,2,50.3),
  (346,172,10,2,44.27),
  (347,172,29,1,13.44),
  (348,172,17,2,28.27),
  (349,173,12,3,36.14),
  (350,174,14,1,24.38),
  (351,174,4,2,398.27),
  (352,175,27,2,22.12),
  (353,175,22,1,39.82),
  (354,175,19,3,80.02),
  (355,176,17,1,29.17),
  (356,176,25,1,17.38),
  (357,177,20,1,66.24),
  (358,177,30,1,24.73),
  (359,178,24,2,48.98),
  (360,178,17,3,28.58),
  (361,179,23,3,18.26),
  (362,180,18,2,35.24),
  (363,180,16,2,29.74),
  (364,180,19,1,82.72),
  (365,181,2,2,48.49),
  (366,182,15,2,38.4),
  (367,183,26,2,28.37),
  (368,183,23,1,18.76),
  (369,184,28,2,20.55),
  (370,185,24,2,48.47),
  (371,185,20,1,63.0),
  (372,186,2,1,49.63),
  (373,187,11,2,40.38),
  (374,188,26,1,29.59),
  (375,189,12,2,36.33),
  (376,189,8,3,53.85),
  (377,190,29,1,13.14),
  (378,190,21,1,50.9),
  (379,191,17,1,28.89),
  (380,192,3,1,94.02),
  (381,193,25,1,17.61),
  (382,193,7,2,83.02),
  (383,194,11,1,38.34),
  (384,194,2,1,51.46),
  (385,195,14,2,23.78),
  (386,195,11,1,40.56),
  (387,196,22,1,39.2),
  (388,197,18,1,33.72),
  (389,197,8,3,55.24),
  (390,198,1,1,130.94),
  (391,199,14,2,26.0),
  (392,200,28,1,20.97),
  (393,200,25,2,16.26),
  (394,200,30,1,24.96),
  (395,201,15,2,39.3),
  (396,202,14,2,24.52),
  (397,202,6,1,253.51),
  (398,202,1,1,132.32),
  (399,203,20,1,62.27),
  (400,204,29,1,13.44),
  (401,204,1,2,131.02),
  (402,205,29,2,13.34),
  (403,206,26,2,30.39),
  (404,207,5,3,61.38),
  (405,207,24,1,47.8),
  (406,208,11,1,40.52),
  (407,208,4,1,403.14),
  (408,208,23,1,17.77),
  (409,208,17,1,26.81),
  (410,209,29,1,12.99),
  (411,209,20,1,63.57),
  (412,209,1,1,132.08),
  (413,210,27,1,22.79),
  (414,211,9,1,104.21),
  (415,212,27,1,24.02),
  (416,212,10,1,45.47),
  (417,213,19,1,82.55),
  (418,214,8,1,54.36),
  (419,214,13,2,45.82),
  (420,215,3,1,86.66),
  (421,215,16,2,31.18),
  (422,215,22,1,40.08),
  (423,216,24,2,51.3),
  (424,216,30,1,23.98),
  (425,217,10,1,45.19),
  (426,217,20,2,61.78),
  (427,217,29,1,12.35),
  (428,218,14,2,24.13),
  (429,218,12,1,35.22),
  (430,218,4,1,395.89),
  (431,219,10,2,44.29),
  (432,219,19,2,82.83),
  (433,220,13,2,46.28),
  (434,221,21,1,47.52),
  (435,222,3,2,90.97),
  (436,223,25,1,17.53),
  (437,224,2,1,51.41),
  (438,225,6,1,239.66),
  (439,226,23,1,17.21),
  (440,227,13,1,42.76),
  (441,227,19,1,80.46),
  (442,228,15,1,41.85),
  (443,229,16,1,28.69),
  (444,229,4,1,407.07),
  (445,229,9,1,104.54),
  (446,230,30,1,24.19),
  (447,231,8,1,53.57),
  (448,231,24,2,48.64),
  (449,232,22,2,38.02),
  (450,232,16,1,31.03),
  (451,232,20,2,67.58),
  (452,233,25,1,17.12),
  (453,234,25,2,17.8),
  (454,234,6,1,254.72),
  (455,234,15,2,39.44),
  (456,235,7,1,81.6),
  (457,235,14,1,25.88),
  (458,236,24,1,48.67),
  (459,236,9,3,96.45),
  (460,236,26,1,28.76),
  (461,237,28,1,20.13),
  (462,238,11,1,39.43),
  (463,238,9,1,97.57),
  (464,239,17,2,27.95),
  (465,240,28,1,20.85),
  (466,240,6,1,252.8),
  (467,240,21,1,52.02),
  (468,240,26,1,28.54),
  (469,241,15,3,41.11),
  (470,242,8,3,55.88),
  (471,243,29,1,12.96),
  (472,244,5,3,57.5),
  (473,245,5,1,62.02),
  (474,245,17,1,29.0),
  (475,246,20,2,64.71),
  (476,247,26,1,28.82),
  (477,247,3,2,90.2),
  (478,248,1,1,129.09),
  (479,248,25,1,16.53),
  (480,249,6,1,255.36),
  (481,250,26,2,29.32),
  (482,250,30,1,25.76),
  (483,251,9,1,101.22),
  (484,251,23,3,17.13),
  (485,252,11,2,39.24),
  (486,252,14,2,24.9),
  (487,253,6,1,259.88),
  (488,253,7,3,76.09),
  (489,254,2,2,49.79),
  (490,254,7,3,80.16),
  (491,255,2,1,52.18),
  (492,255,24,1,49.29),
  (493,256,19,1,82.3),
  (494,256,4,1,407.53),
  (495,256,13,1,43.86),
  (496,257,5,2,61.2),
  (497,258,26,1,29.67),
  (498,258,29,1,13.28),
  (499,258,15,2,39.17),
  (500,259,20,1,65.34),
  (501,259,30,1,24.13),
  (502,259,28,1,19.52),
  (503,260,1,1,131.55),
  (504,261,27,2,23.41),
  (505,261,13,1,45.62),
  (506,261,7,2,76.52),
  (507,261,17,1,26.89),
  (508,262,3,1,93.86),
  (509,262,1,1,135.06),
  (510,263,20,1,63.47),
  (511,264,7,1,80.2),
  (512,265,22,1,40.8),
  (513,265,15,1,39.6),
  (514,266,14,1,24.55),
  (515,266,27,1,22.7),
  (516,266,24,1,49.29),
  (517,267,17,1,29.37),
  (518,267,5,1,58.79),
  (519,268,30,1,24.13),
  (520,268,19,1,77.1),
  (521,269,7,1,76.61),
  (522,269,24,2,49.93),
  (523,270,13,2,42.99),
  (524,270,3,2,88.62),
  (525,270,25,2,16.85),
  (526,271,17,1,26.71),
  (527,272,8,1,53.83),
  (528,272,14,1,25.6),
  (529,273,18,1,33.93),
  (530,274,11,1,40.29),
  (531,274,22,1,39.45),
  (532,274,30,2,25.38),
  (533,275,5,1,61.36),
  (534,275,25,1,16.55),
  (535,276,7,1,81.91),
  (536,277,22,3,39.5),
  (537,277,1,1,126.81),
  (538,278,28,1,20.82),
  (539,279,16,1,30.08),
  (540,279,28,3,19.91),
  (541,279,20,1,63.72),
  (542,280,17,1,27.36),
  (543,281,3,3,88.93),
  (544,281,24,1,50.62),
  (545,282,19,1,81.46),
  (546,282,18,1,36.42),
  (547,283,24,2,48.41),
  (548,283,4,1,415.19),
  (549,284,4,3,381.04),
  (550,284,5,1,60.69),
  (551,284,6,1,252.8),
  (552,285,25,1,16.95),
  (553,286,6,1,243.15),
  (554,286,7,3,83.39),
  (555,287,11,1,39.82),
  (556,287,28,2,19.07),
  (557,288,29,1,13.48),
  (558,288,2,1,52.41),
  (559,289,29,1,13.35),
  (560,289,10,1,43.49),
  (561,290,15,1,39.99),
  (562,290,3,2,90.76),
  (563,290,24,1,50.22),
  (564,291,29,1,12.46),
  (565,291,7,1,81.68),
  (566,291,15,2,38.36),
  (567,292,13,1,43.51),
  (568,292,18,1,36.26),
  (569,292,2,1,49.59),
  (570,292,25,1,16.9),
  (571,293,16,1,30.91),
  (572,293,18,1,34.97),
  (573,294,1,1,134.96),
  (574,294,8,1,56.75),
  (575,295,30,1,23.96),
  (576,296,20,1,66.86),
  (577,296,19,1,79.63),
  (578,297,25,1,17.08),
  (579,297,14,1,24.56),
  (580,297,27,2,22.09),
  (581,298,19,1,83.95),
  (582,299,8,1,57.63),
  (583,299,23,1,17.13),
  (584,299,10,2,43.27),
  (585,300,21,1,47.55),
  (586,300,7,1,78.39),
  (587,301,19,1,80.92),
  (588,302,16,1,28.6),
  (589,302,26,1,30.14),
  (590,303,18,1,33.31),
  (591,304,21,1,50.34),
  (592,304,18,2,36.27),
  (593,304,27,1,22.56),
  (594,304,6,1,249.92),
  (595,305,25,1,16.3),
  (596,305,7,1,83.23),
  (597,305,30,2,24.95),
  (598,306,7,2,79.09),
  (599,306,24,1,50.93),
  (600,306,2,2,48.01),
  (601,306,15,2,38.08),
  (602,307,25,1,17.28),
  (603,307,15,1,40.23),
  (604,308,6,2,245.27),
  (605,308,3,1,85.95),
  (606,309,23,1,18.16),
  (607,310,22,3,40.12),
  (608,310,26,1,28.89),
  (609,311,25,3,16.94),
  (610,311,15,1,41.64),
  (611,312,4,1,394.05),
  (612,313,21,1,47.85),
  (613,314,16,1,29.64),
  (614,315,6,2,254.23),
  (615,315,22,1,41.34),
  (616,316,13,1,43.05),
  (617,317,7,2,82.53),
  (618,318,13,1,45.34),
  (619,318,20,1,63.8),
  (620,319,17,2,28.96),
  (621,319,13,1,42.74),
  (622,320,21,1,51.05),
  (623,320,11,1,38.84),
  (624,321,3,1,91.33),
  (625,322,28,1,20.57),
  (626,322,15,1,38.71),
  (627,322,29,1,12.93),
  (628,323,14,1,25.11),
  (629,323,30,1,26.19),
  (630,324,24,3,51.15),
  (631,325,3,2,91.17),
  (632,325,8,1,56.0),
  (633,325,16,3,30.33),
  (634,326,14,2,26.14),
  (635,326,12,2,35.86),
  (636,327,22,1,41.23),
  (637,327,10,1,44.03),
  (638,328,28,2,19.5),
  (639,329,26,2,28.3),
  (640,329,6,2,249.61),
  (641,330,25,1,16.54),
  (642,330,14,2,24.27),
  (643,330,13,2,45.63),
  (644,331,23,1,17.79),
  (645,332,17,1,29.27),
  (646,332,22,2,39.41),
  (647,333,19,2,79.12),
  (648,334,6,2,251.18),
  (649,334,11,1,41.32),
  (650,335,10,1,43.87),
  (651,336,4,1,383.45),
  (652,337,9,3,99.66),
  (653,337,10,3,45.61),
  (654,338,25,1,16.42),
  (655,338,11,1,41.1),
  (656,338,9,1,98.32),
  (657,339,6,1,249.79),
  (658,339,21,1,48.58),
  (659,340,9,2,99.45),
  (660,340,25,1,17.27),
  (661,341,13,2,46.01),
  (662,341,28,2,20.9),
  (663,342,21,2,49.32),
  (664,342,3,2,93.06),
  (665,343,21,2,49.92),
  (666,343,23,1,17.43),
  (667,343,12,1,34.95),
  (668,344,26,1,29.63),
  (669,345,3,1,85.82),
  (670,346,21,1,48.14),
  (671,347,27,1,22.08),
  (672,348,27,2,24.1),
  (673,349,11,1,38.47),
  (674,349,3,1,91.76),
  (675,350,6,1,237.88),
  (676,351,25,1,16.36),
  (677,351,16,1,29.3),
  (678,351,23,1,17.52),
  (679,352,21,1,49.23),
  (680,352,27,1,24.09),
  (681,352,26,1,30.4),
  (682,352,10,1,45.56),
  (683,353,2,1,48.92),
  (684,353,21,2,51.52),
  (685,353,12,2,33.86),
  (686,354,14,2,25.61),
  (687,354,7,2,76.77),
  (688,355,14,3,24.1),
  (689,356,9,1,98.35),
  (690,356,7,1,78.24),
  (691,357,26,1,29.39),
  (692,358,15,1,38.05),
  (693,358,9,1,97.47),
  (694,359,17,1,27.78),
  (695,359,2,1,50.97),
  (696,360,5,1,60.88),
  (697,360,12,2,34.31),
  (698,360,10,1,46.1),
  (699,360,8,2,56.48),
  (700,361,21,2,47.84),
  (701,362,20,1,65.48),
  (702,362,18,1,35.41),
  (703,363,12,1,34.87),
  (704,364,11,1,38.94),
  (705,365,29,2,12.69),
  (706,366,18,1,34.26),
  (707,366,29,2,13.57),
  (708,367,10,1,43.48),
  (709,367,3,1,90.18),
  (710,367,4,1,417.26),
  (711,368,28,2,20.59),
  (712,369,21,1,51.42),
  (713,370,5,1,62.38),
  (714,371,10,1,44.79),
  (715,372,22,1,38.6),
  (716,372,26,1,28.82),
  (717,373,18,3,33.33),
  (718,373,10,3,47.0),
  (719,373,4,1,419.01),
  (720,373,30,1,24.92),
  (721,374,30,1,24.59),
  (722,374,15,1,39.91),
  (723,375,8,1,54.21),
  (724,375,15,1,38.77),
  (725,376,22,1,39.57),
  (726,376,3,1,90.09),
  (727,376,17,2,27.7),
  (728,377,15,1,41.49),
  (729,378,6,2,255.69),
  (730,378,26,1,29.65),
  (731,379,28,1,20.04),
  (732,380,21,1,52.06),
  (733,381,16,2,28.62),
  (734,382,10,2,47.04),
  (735,383,23,1,17.53),
  (736,383,21,3,48.88),
  (737,384,28,1,20.25),
  (738,384,9,1,101.93),
  (739,385,19,1,76.46),
  (740,386,21,1,52.05),
  (741,387,18,2,34.35),
  (742,387,11,2,39.08),
  (743,387,28,1,20.06),
  (744,388,30,1,24.15),
  (745,389,17,1,28.08),
  (746,389,28,1,19.22),
  (747,390,29,1,13.33),
  (748,390,20,2,61.93),
  (749,390,17,1,28.52),
  (750,391,16,1,30.76),
  (751,392,10,2,45.74),
  (752,393,5,3,62.06),
  (753,394,17,2,26.78),
  (754,394,19,2,80.22),
  (755,395,7,2,83.35),
  (756,396,12,1,36.67),
  (757,397,16,1,29.57),
  (758,397,25,1,16.28),
  (759,398,14,2,24.47),
  (760,399,22,1,39.96),
  (761,400,23,1,18.15),
  (762,401,13,1,43.79),
  (763,401,4,2,410.58),
  (764,402,13,1,45.04),
  (765,402,16,1,29.85),
  (766,403,2,1,51.64),
  (767,404,3,1,91.44),
  (768,405,18,1,36.07),
  (769,405,11,1,41.51),
  (770,406,28,2,19.6),
  (771,406,25,2,16.37),
  (772,407,16,1,31.05),
  (773,407,18,3,34.97),
  (774,408,19,2,76.35),
  (775,409,11,3,39.7),
  (776,409,13,1,44.59),
  (777,409,4,1,389.76),
  (778,410,10,1,43.26),
  (779,411,29,2,12.69),
  (780,411,14,1,26.2),
  (781,412,16,2,30.0),
  (782,413,26,1,29.98),
  (783,413,3,1,89.11),
  (784,414,3,1,90.59),
  (785,415,17,1,27.8),
  (786,415,26,2,29.03),
  (787,415,10,1,46.7),
  (788,416,9,2,103.08),
  (789,416,30,2,26.08),
  (790,416,21,1,48.23),
  (791,416,18,1,34.29),
  (792,417,10,1,45.65),
  (793,418,8,1,56.62),
  (794,419,9,1,102.89),
  (795,420,3,1,88.17),
  (796,420,11,2,41.58),
  (797,420,20,2,64.32),
  (798,421,30,1,25.95),
  (799,421,17,2,28.92),
  (800,421,9,3,102.43),
  (801,421,16,1,31.4),
  (802,422,8,3,57.08),
  (803,422,9,2,102.15),
  (804,423,22,1,40.2),
  (805,423,8,1,57.51),
  (806,423,9,1,103.11),
  (807,424,30,1,25.8),
  (808,425,27,1,22.92),
  (809,425,25,2,17.36),
  (810,425,16,2,30.96),
  (811,426,21,1,51.44),
  (812,426,6,1,253.2),
  (813,426,15,2,40.84),
  (814,427,28,1,19.26),
  (815,427,24,1,50.46),
  (816,428,13,2,46.99),
  (817,429,7,1,77.34),
  (818,429,9,1,99.28),
  (819,429,23,1,17.25),
  (820,429,28,1,20.88),
  (821,430,8,3,53.36),
  (822,430,23,2,17.57),
  (823,431,14,1,24.76),
  (824,431,6,1,248.76),
  (825,432,23,1,17.47),
  (826,432,13,1,45.43),
  (827,432,22,3,38.2),
  (828,433,13,2,47.14),
  (829,433,10,2,43.34),
  (830,434,11,1,39.86),
  (831,434,29,1,12.9),
  (832,435,29,2,12.68),
  (833,436,16,1,31.34),
  (834,436,25,1,17.22),
  (835,437,29,1,12.98),
  (836,437,30,1,25.14),
  (837,438,24,2,48.85),
  (838,438,17,3,28.22),
  (839,438,27,1,23.15),
  (840,439,12,3,35.31),
  (841,440,21,1,50.46),
  (842,440,9,3,101.55),
  (843,441,26,1,28.48),
  (844,441,21,3,47.84),
  (845,441,10,1,44.46),
  (846,442,25,1,16.82),
  (847,443,10,1,45.46),
  (848,443,29,2,12.98),
  (849,443,22,1,40.24),
  (850,444,2,1,49.2),
  (851,444,17,2,27.22),
  (852,445,26,1,28.93),
  (853,446,2,1,50.06),
  (854,447,25,2,16.17),
  (855,447,17,2,27.89),
  (856,448,24,2,49.77),
  (857,449,20,1,67.41),
  (858,449,9,1,95.05),
  (859,450,20,2,66.12),
  (860,450,12,1,34.62),
  (861,450,23,1,17.32),
  (862,451,5,2,58.44),
  (863,451,21,1,50.18),
  (864,452,24,1,52.31),
  (865,452,23,1,18.14),
  (866,452,15,1,41.33),
  (867,453,10,1,44.93),
  (868,453,2,2,50.55),
  (869,454,18,1,34.18),
  (870,454,3,1,86.54),
  (871,455,24,1,48.45),
  (872,456,28,1,20.3),
  (873,456,27,2,23.76),
  (874,456,23,2,18.52),
  (875,457,5,1,58.19),
  (876,457,6,1,245.08),
  (877,458,3,1,88.53),
  (878,459,25,2,17.09),
  (879,459,2,1,51.86),
  (880,459,29,3,13.38),
  (881,460,4,1,386.67),
  (882,461,17,1,28.64),
  (883,461,16,1,29.49),
  (884,462,6,1,239.62),
  (885,463,8,1,56.65),
  (886,463,5,1,59.45),
  (887,464,25,1,17.36),
  (888,464,1,1,124.39),
  (889,465,25,3,16.2),
  (890,466,10,2,46.73),
  (891,466,14,1,25.54),
  (892,466,13,3,46.46),
  (893,467,29,1,13.15),
  (894,467,18,1,34.79),
  (895,468,11,2,39.55),
  (896,469,17,1,28.71),
  (897,469,11,2,39.03),
  (898,470,17,1,27.58),
  (899,471,8,1,56.34),
  (900,471,26,2,30.26),
  (901,472,5,2,59.26),
  (902,472,23,1,18.57),
  (903,473,3,1,88.81),
  (904,474,16,3,30.4),
  (905,475,16,3,29.86),
  (906,475,23,2,18.04),
  (907,476,4,1,404.05),
  (908,477,10,1,47.2),
  (909,478,27,1,23.54),
  (910,479,29,1,13.36),
  (911,479,11,2,40.41),
  (912,480,28,2,19.64),
  (913,480,24,1,50.81),
  (914,481,24,1,47.93),
  (915,481,9,1,98.08),
  (916,481,21,3,47.92),
  (917,482,4,3,401.26),
  (918,482,22,1,41.35),
  (919,482,30,1,24.74),
  (920,483,11,3,38.35),
  (921,483,13,1,44.02),
  (922,483,9,3,96.53),
  (923,484,10,1,43.18),
  (924,484,13,1,46.76),
  (925,485,17,1,28.7),
  (926,486,30,1,23.79),
  (927,486,29,2,12.47),
  (928,487,26,3,28.62),
  (929,487,5,1,60.22),
  (930,488,6,3,237.5),
  (931,489,17,2,26.72),
  (932,489,10,1,44.09),
  (933,490,11,2,41.91),
  (934,490,21,1,49.2),
  (935,490,9,2,95.15),
  (936,491,14,2,25.98),
  (937,491,18,1,35.91),
  (938,492,27,1,23.39),
  (939,492,22,2,41.24),
  (940,492,15,1,39.42),
  (941,493,30,1,24.85),
  (942,493,7,1,76.15),
  (943,494,23,3,17.49),
  (944,495,1,1,136.28),
  (945,495,7,1,79.94),
  (946,496,3,3,86.64),
  (947,497,23,1,17.55),
  (948,497,22,1,41.74),
  (949,497,18,3,33.42),
  (950,497,20,1,68.21),
  (951,498,9,1,104.17),
  (952,499,8,1,57.28),
  (953,499,23,1,17.2),
  (954,499,14,1,25.22),
  (955,499,3,1,87.74),
  (956,500,4,1,397.85),
  (957,500,21,1,52.07),
  (958,501,21,1,49.65),
  (959,502,15,1,39.85),
  (960,502,13,2,43.2),
  (961,503,20,1,66.38),
  (962,504,15,2,38.96),
  (963,504,6,2,250.32),
  (964,505,10,1,47.11),
  (965,505,12,1,33.75),
  (966,506,7,1,76.54),
  (967,506,26,1,29.55),
  (968,507,4,2,398.16),
  (969,508,24,2,51.33),
  (970,509,12,1,33.35),
  (971,510,8,2,57.11),
  (972,511,30,1,25.82),
  (973,511,4,1,415.39),
  (974,511,1,2,134.01),
  (975,512,7,1,81.54),
  (976,512,18,3,35.47),
  (977,512,13,2,45.38),
  (978,513,19,1,77.66),
  (979,513,29,2,12.95),
  (980,513,16,1,28.69),
  (981,514,11,2,39.49),
  (982,514,23,1,18.38),
  (983,515,8,1,57.16),
  (984,516,5,1,57.49),
  (985,516,25,1,17.13),
  (986,517,11,1,38.09),
  (987,517,9,1,97.94),
  (988,517,13,1,43.09),
  (989,518,10,2,46.09),
  (990,519,24,2,48.8),
  (991,519,18,1,34.23),
  (992,519,30,3,26.23),
  (993,520,25,1,17.61),
  (994,520,5,1,61.33),
  (995,521,11,3,39.71),
  (996,521,28,2,19.87),
  (997,521,7,2,78.43),
  (998,522,13,1,46.24),
  (999,522,25,2,16.18),
  (1000,523,13,1,43.59),
  (1001,524,18,2,33.86),
  (1002,525,13,2,43.79),
  (1003,525,10,1,42.79),
  (1004,525,7,3,79.12),
  (1005,526,23,1,17.94),
  (1006,526,22,1,40.34),
  (1007,527,20,3,65.16),
  (1008,527,26,1,28.87),
  (1009,527,8,2,53.82),
  (1010,528,26,1,28.05),
  (1011,528,28,2,20.79),
  (1012,529,2,2,48.69),
  (1013,530,18,1,35.88),
  (1014,530,4,1,396.39),
  (1015,530,12,2,33.5),
  (1016,530,3,2,88.92),
  (1017,531,11,1,39.85),
  (1018,531,22,1,41.79),
  (1019,531,24,1,51.7),
  (1020,532,22,1,39.75),
  (1021,532,9,1,103.92),
  (1022,532,5,1,57.28),
  (1023,533,15,1,40.38),
  (1024,533,2,1,49.38),
  (1025,534,1,2,134.16),
  (1026,534,11,2,41.18),
  (1027,535,7,1,83.46),
  (1028,536,21,1,49.07),
  (1029,537,3,1,93.46),
  (1030,538,30,1,25.16),
  (1031,538,28,1,19.18),
  (1032,539,25,1,16.7),
  (1033,539,23,1,18.68),
  (1034,539,5,1,62.1),
  (1035,540,17,1,28.56),
  (1036,540,19,2,78.46),
  (1037,541,5,1,59.24),
  (1038,542,2,1,52.38),
  (1039,542,17,1,27.52),
  (1040,542,26,2,30.17),
  (1041,543,21,2,47.52),
  (1042,544,6,2,252.31),
  (1043,545,24,1,48.48),
  (1044,546,16,1,29.68),
  (1045,546,3,2,90.04),
  (1046,546,12,2,36.11),
  (1047,547,15,1,39.21),
  (1048,548,30,1,24.21),
  (1049,549,12,1,35.48),
  (1050,549,13,3,42.92),
  (1051,549,16,1,30.19),
  (1052,549,10,3,43.89),
  (1053,550,23,3,18.26),
  (1054,550,2,1,51.17),
  (1055,551,20,2,64.7),
  (1056,552,13,3,45.38),
  (1057,552,23,1,17.43),
  (1058,553,22,1,39.22),
  (1059,553,29,2,13.48),
  (1060,553,13,1,43.14),
  (1061,553,19,1,82.2),
  (1062,554,1,1,134.1),
  (1063,554,6,1,247.91),
  (1064,555,17,2,27.85),
  (1065,555,4,1,412.36),
  (1066,556,3,1,88.89),
  (1067,557,9,1,102.51),
  (1068,558,25,1,17.72),
  (1069,558,9,1,99.28),
  (1070,559,12,1,34.4),
  (1071,559,28,2,20.39),
  (1072,560,25,2,16.91),
  (1073,560,27,2,23.02),
  (1074,560,8,1,52.33),
  (1075,560,12,1,35.61),
  (1076,561,30,1,25.49),
  (1077,561,16,1,29.64),
  (1078,561,22,2,40.84),
  (1079,561,28,2,20.74),
  (1080,562,22,3,41.97),
  (1081,563,6,2,256.32),
  (1082,564,9,3,101.65),
  (1083,565,30,1,26.05),
  (1084,565,19,2,83.27),
  (1085,565,25,2,17.25),
  (1086,566,3,1,88.55),
  (1087,567,2,1,50.44),
  (1088,568,20,1,63.18),
  (1089,568,19,1,79.67),
  (1090,569,22,2,41.39),
  (1091,570,27,2,22.98),
  (1092,570,7,1,83.84),
  (1093,571,30,2,25.68),
  (1094,571,28,1,20.44),
  (1095,572,16,1,30.76),
  (1096,572,12,2,34.23),
  (1097,573,23,1,18.27),
  (1098,573,10,2,44.91),
  (1099,573,15,1,40.93),
  (1100,574,30,1,24.63),
  (1101,574,2,1,48.08),
  (1102,574,4,1,397.34),
  (1103,575,20,2,67.94),
  (1104,576,21,1,50.65),
  (1105,576,13,1,42.79),
  (1106,576,9,1,96.21),
  (1107,577,23,1,17.26),
  (1108,577,24,2,52.49),
  (1109,578,1,2,134.12),
  (1110,578,13,1,45.13),
  (1111,578,18,1,36.17),
  (1112,579,23,2,18.09),
  (1113,579,6,1,253.81),
  (1114,579,1,1,136.23),
  (1115,580,17,1,29.12),
  (1116,581,12,2,35.03),
  (1117,581,20,1,62.03),
  (1118,581,18,1,36.59),
  (1119,582,13,1,45.66),
  (1120,583,7,2,76.55),
  (1121,584,21,1,50.05),
  (1122,584,27,1,23.73),
  (1123,585,18,1,33.63),
  (1124,586,8,3,52.78),
  (1125,586,9,3,97.21),
  (1126,586,1,1,133.67),
  (1127,587,16,1,29.54),
  (1128,587,4,1,391.27),
  (1129,587,17,1,26.87),
  (1130,588,24,2,50.88),
  (1131,589,1,2,132.42),
  (1132,590,30,3,25.55),
  (1133,591,12,1,36.03),
  (1134,592,14,1,23.97),
  (1135,592,25,1,17.75),
  (1136,592,11,2,41.71),
  (1137,592,28,2,20.01),
  (1138,593,7,2,83.28),
  (1139,594,27,1,23.24),
  (1140,594,29,2,13.22),
  (1141,594,17,1,27.22),
  (1142,594,22,3,40.04),
  (1143,595,18,2,36.22),
  (1144,596,29,2,13.56),
  (1145,596,2,1,47.78),
  (1146,597,12,1,33.27),
  (1147,598,16,1,29.68),
  (1148,599,6,1,256.17),
  (1149,599,5,1,61.25),
  (1150,599,12,3,35.84),
  (1151,600,22,2,38.5),
  (1152,600,23,2,17.81),
  (1153,601,17,2,26.63),
  (1154,602,10,1,43.11),
  (1155,602,16,2,30.34),
  (1156,603,8,2,53.33),
  (1157,603,22,1,40.79),
  (1158,603,27,1,23.29),
  (1159,603,14,3,26.22),
  (1160,604,10,1,45.59),
  (1161,604,23,1,17.95),
  (1162,605,8,1,57.16),
  (1163,605,11,1,38.84),
  (1164,606,4,1,383.87),
  (1165,607,17,1,27.26),
  (1166,607,20,1,62.31),
  (1167,607,12,1,35.35),
  (1168,608,18,1,35.41),
  (1169,609,23,2,18.69),
  (1170,609,9,1,100.59),
  (1171,610,16,3,30.06),
  (1172,610,14,1,25.72),
  (1173,611,19,3,76.48),
  (1174,612,28,1,20.93),
  (1175,612,17,1,28.69),
  (1176,613,6,1,251.79),
  (1177,614,18,1,33.84),
  (1178,614,4,1,417.67),
  (1179,615,21,1,52.35),
  (1180,615,20,1,67.49),
  (1181,616,9,1,97.55),
  (1182,616,6,3,259.19),
  (1183,617,21,1,50.66),
  (1184,618,28,1,19.78),
  (1185,618,25,1,16.88),
  (1186,619,24,1,50.73),
  (1187,619,6,1,254.67),
  (1188,620,26,1,29.29),
  (1189,620,1,1,135.64);

INSERT INTO reviews (review_id,product_id,customer_id,rating,created_at) VALUES
  (1,20,21,4,'2024-01-15 15:13:00'),
  (2,17,21,5,'2024-01-14 15:13:00'),
  (3,4,21,4,'2024-01-14 15:13:00'),
  (4,17,107,5,'2024-01-14 09:33:00'),
  (5,26,107,5,'2024-01-14 09:33:00'),
  (6,27,133,5,'2024-01-20 09:46:00'),
  (7,6,133,5,'2024-01-23 09:46:00'),
  (8,13,113,5,'2024-01-29 11:04:00'),
  (9,11,96,5,'2024-01-31 09:36:00'),
  (10,20,133,4,'2024-01-26 10:16:00'),
  (11,21,21,5,'2024-02-10 15:41:00'),
  (12,11,75,4,'2024-02-15 20:15:00'),
  (13,18,187,5,'2024-02-17 19:23:00'),
  (14,16,107,5,'2024-02-23 16:50:00'),
  (15,12,123,5,'2024-02-26 19:20:00'),
  (16,23,70,5,'2024-03-05 10:21:00'),
  (17,5,110,4,'2024-03-07 17:05:00'),
  (18,12,57,4,'2024-03-11 11:30:00'),
  (19,7,52,5,'2024-03-13 11:10:00'),
  (20,30,196,5,'2024-03-15 08:51:00'),
  (21,29,196,5,'2024-03-14 08:51:00'),
  (22,26,110,4,'2024-03-17 22:03:00'),
  (23,14,182,4,'2024-03-10 21:58:00'),
  (24,18,182,5,'2024-03-12 21:58:00'),
  (25,7,144,5,'2024-03-18 22:13:00'),
  (26,30,128,5,'2024-03-21 10:51:00'),
  (27,7,128,4,'2024-03-21 10:51:00'),
  (28,16,63,5,'2024-03-21 17:16:00'),
  (29,1,16,5,'2024-03-14 08:53:00'),
  (30,30,56,5,'2024-03-20 21:23:00'),
  (31,20,56,5,'2024-03-14 21:23:00'),
  (32,21,145,4,'2024-03-23 14:19:00'),
  (33,19,72,4,'2024-03-21 08:11:00'),
  (34,27,72,5,'2024-03-23 08:11:00'),
  (35,13,14,5,'2024-03-24 20:14:00'),
  (36,3,111,3,'2024-03-23 19:05:00'),
  (37,9,111,3,'2024-03-25 19:05:00'),
  (38,29,4,4,'2024-03-25 20:24:00'),
  (39,19,4,4,'2024-03-24 20:24:00'),
  (40,24,77,5,'2024-03-25 13:30:00'),
  (41,16,169,5,'2024-04-05 20:50:00'),
  (42,23,148,5,'2024-04-09 21:23:00'),
  (43,6,178,4,'2024-04-04 19:26:00'),
  (44,8,114,5,'2024-04-15 12:05:00'),
  (45,14,94,5,'2024-04-04 08:48:00'),
  (46,12,197,5,'2024-04-22 19:32:00'),
  (47,1,161,5,'2024-04-16 14:27:00'),
  (48,7,161,5,'2024-04-27 14:27:00'),
  (49,12,56,3,'2024-04-25 10:08:00'),
  (50,14,56,5,'2024-04-17 10:08:00'),
  (51,4,156,5,'2024-04-30 16:42:00'),
  (52,1,156,4,'2024-05-03 16:42:00'),
  (53,17,200,5,'2024-04-26 10:49:00'),
  (54,3,200,5,'2024-05-05 10:49:00'),
  (55,11,10,5,'2024-04-28 20:14:00'),
  (56,18,103,5,'2024-05-10 21:55:00'),
  (57,25,160,5,'2024-04-30 21:23:00'),
  (58,24,160,5,'2024-05-11 21:23:00'),
  (59,26,16,5,'2024-05-13 11:15:00'),
  (60,13,56,5,'2024-05-16 11:05:00'),
  (61,17,56,4,'2024-05-11 11:05:00'),
  (62,20,139,5,'2024-05-20 12:31:00'),
  (63,19,34,5,'2024-05-26 12:58:00'),
  (64,19,33,5,'2024-05-30 07:44:00'),
  (65,19,139,3,'2024-05-30 16:19:00'),
  (66,22,122,5,'2024-06-04 16:50:00'),
  (67,4,68,4,'2024-06-09 15:36:00'),
  (68,27,33,5,'2024-06-03 20:05:00'),
  (69,28,23,5,'2024-06-12 19:35:00'),
  (70,5,15,4,'2024-06-08 12:04:00'),
  (71,20,150,5,'2024-06-28 07:32:00'),
  (72,26,167,3,'2024-06-26 13:09:00'),
  (73,26,143,4,'2024-06-24 16:06:00'),
  (74,16,108,4,'2024-07-01 18:16:00'),
  (75,16,118,5,'2024-06-27 17:55:00'),
  (76,21,118,5,'2024-07-04 17:55:00'),
  (77,8,194,5,'2024-06-30 13:01:00'),
  (78,23,194,4,'2024-07-07 13:01:00'),
  (79,23,128,3,'2024-07-03 13:49:00'),
  (80,12,68,5,'2024-07-03 08:06:00'),
  (81,23,191,4,'2024-07-16 14:42:00'),
  (82,28,157,5,'2024-07-06 07:41:00'),
  (83,12,116,5,'2024-07-19 10:48:00'),
  (84,14,28,5,'2024-07-12 12:31:00'),
  (85,2,109,4,'2024-07-19 10:01:00'),
  (86,2,175,5,'2024-07-22 12:11:00'),
  (87,25,138,5,'2024-08-04 07:40:00'),
  (88,8,113,5,'2024-08-06 19:52:00'),
  (89,14,22,4,'2024-08-05 13:47:00'),
  (90,25,65,4,'2024-08-05 10:11:00'),
  (91,30,65,5,'2024-07-28 10:11:00'),
  (92,1,138,3,'2024-08-06 15:46:00'),
  (93,29,140,5,'2024-08-13 22:41:00'),
  (94,5,36,5,'2024-08-08 12:11:00'),
  (95,24,36,4,'2024-08-10 12:11:00'),
  (96,29,58,3,'2024-08-17 19:22:00'),
  (97,20,58,5,'2024-08-08 19:22:00'),
  (98,27,30,5,'2024-08-11 22:30:00'),
  (99,8,68,5,'2024-08-19 17:59:00'),
  (100,22,46,5,'2024-08-15 08:56:00'),
  (101,14,134,5,'2024-08-19 19:41:00'),
  (102,23,172,5,'2024-08-26 19:37:00'),
  (103,9,194,5,'2024-08-23 21:43:00'),
  (104,30,74,5,'2024-08-24 19:43:00'),
  (105,6,123,5,'2024-08-28 08:32:00'),
  (106,15,123,4,'2024-08-27 08:32:00'),
  (107,9,47,5,'2024-08-26 11:36:00'),
  (108,9,16,5,'2024-09-03 15:30:00'),
  (109,26,112,4,'2024-09-01 16:58:00'),
  (110,3,112,4,'2024-09-09 16:58:00'),
  (111,26,57,5,'2024-09-13 09:27:00'),
  (112,9,47,3,'2024-09-14 16:07:00'),
  (113,23,47,4,'2024-09-13 16:07:00'),
  (114,2,122,5,'2024-09-13 16:59:00'),
  (115,19,29,5,'2024-09-17 20:20:00'),
  (116,29,33,5,'2024-09-19 14:20:00'),
  (117,15,33,4,'2024-09-16 14:20:00'),
  (118,27,159,4,'2024-09-19 17:46:00'),
  (119,7,159,5,'2024-09-16 17:46:00'),
  (120,17,159,5,'2024-09-19 17:46:00'),
  (121,20,16,4,'2024-09-18 20:52:00'),
  (122,22,46,5,'2024-09-26 20:47:00'),
  (123,15,46,5,'2024-09-25 20:47:00'),
  (124,17,198,5,'2024-09-22 07:40:00'),
  (125,8,40,3,'2024-09-30 19:28:00'),
  (126,14,40,4,'2024-09-27 19:28:00'),
  (127,30,147,4,'2024-09-29 14:15:00'),
  (128,25,160,5,'2024-09-28 21:02:00'),
  (129,1,193,5,'2024-09-29 22:39:00'),
  (130,28,14,4,'2024-10-06 07:04:00'),
  (131,28,99,4,'2024-10-04 19:32:00'),
  (132,17,5,4,'2024-09-27 18:22:00'),
  (133,24,143,4,'2024-10-02 14:09:00'),
  (134,19,155,5,'2024-10-07 21:34:00'),
  (135,24,198,3,'2024-10-04 12:20:00'),
  (136,7,155,5,'2024-10-06 18:11:00'),
  (137,18,22,5,'2024-10-06 19:46:00'),
  (138,25,22,4,'2024-10-09 19:46:00'),
  (139,8,169,3,'2024-10-12 21:26:00'),
  (140,25,10,5,'2024-10-13 16:20:00'),
  (141,14,10,4,'2024-10-09 16:20:00'),
  (142,19,23,5,'2024-10-18 16:27:00'),
  (143,21,158,5,'2024-10-14 20:02:00'),
  (144,16,45,5,'2024-10-19 17:53:00'),
  (145,7,84,4,'2024-10-16 10:52:00'),
  (146,24,84,5,'2024-10-16 10:52:00'),
  (147,25,54,4,'2024-10-27 13:12:00'),
  (148,25,179,5,'2024-10-29 10:29:00'),
  (149,4,171,5,'2024-11-03 17:29:00'),
  (150,17,78,5,'2024-11-01 18:05:00'),
  (151,11,29,5,'2024-11-09 07:15:00'),
  (152,29,169,5,'2024-11-14 11:05:00'),
  (153,14,3,3,'2024-11-17 21:32:00'),
  (154,13,9,4,'2024-11-16 09:09:00'),
  (155,9,184,5,'2024-11-16 10:02:00'),
  (156,13,101,4,'2024-11-23 07:32:00'),
  (157,3,146,4,'2024-11-25 18:21:00'),
  (158,23,11,5,'2024-11-21 13:19:00'),
  (159,26,79,5,'2024-11-28 21:01:00'),
  (160,21,168,4,'2024-11-24 22:58:00'),
  (161,6,149,4,'2024-11-26 11:06:00'),
  (162,21,178,4,'2024-12-04 12:45:00'),
  (163,10,178,4,'2024-11-28 12:45:00'),
  (164,21,176,5,'2024-12-05 22:11:00'),
  (165,14,30,4,'2024-12-01 14:46:00'),
  (166,26,108,5,'2024-12-02 17:14:00'),
  (167,9,23,5,'2024-12-01 22:55:00'),
  (168,29,193,3,'2024-12-07 13:48:00'),
  (169,10,17,4,'2024-12-07 21:05:00'),
  (170,3,17,5,'2024-12-12 21:05:00'),
  (171,22,183,4,'2024-12-08 16:11:00'),
  (172,26,183,5,'2024-12-16 16:11:00'),
  (173,10,82,5,'2024-12-14 11:23:00'),
  (174,21,178,5,'2024-12-11 18:10:00'),
  (175,28,132,4,'2024-12-15 12:48:00'),
  (176,28,129,5,'2024-12-12 13:50:00'),
  (177,20,123,5,'2024-12-15 16:44:00'),
  (178,17,123,5,'2024-12-19 16:44:00'),
  (179,2,126,4,'2024-12-26 14:40:00'),
  (180,18,120,5,'2024-12-24 16:42:00'),
  (181,26,158,3,'2024-12-29 18:27:00'),
  (182,17,110,5,'2024-12-31 18:50:00'),
  (183,30,48,4,'2024-12-29 22:13:00'),
  (184,30,61,5,'2024-12-29 10:33:00'),
  (185,9,61,4,'2024-12-27 10:33:00'),
  (186,16,61,5,'2024-12-31 10:33:00'),
  (187,9,137,5,'2025-01-02 10:20:00'),
  (188,30,61,5,'2025-01-01 19:00:00'),
  (189,6,91,4,'2025-01-02 17:29:00'),
  (190,13,73,5,'2025-01-03 09:26:00'),
  (191,14,111,4,'2025-01-05 13:52:00'),
  (192,25,133,3,'2024-12-31 20:57:00'),
  (193,30,10,5,'2025-01-01 15:10:00'),
  (194,27,32,5,'2025-01-10 09:13:00'),
  (195,10,40,4,'2025-01-06 16:31:00'),
  (196,26,40,5,'2025-01-06 09:18:00'),
  (197,9,68,5,'2025-01-17 12:13:00'),
  (198,15,38,5,'2025-01-25 20:01:00'),
  (199,28,60,5,'2025-01-29 14:37:00'),
  (200,5,160,5,'2025-01-30 16:44:00'),
  (201,6,160,3,'2025-01-27 16:44:00'),
  (202,2,59,3,'2025-02-01 14:31:00'),
  (203,17,134,5,'2025-02-15 16:13:00'),
  (204,5,60,5,'2025-02-12 16:18:00'),
  (205,23,60,5,'2025-02-15 16:18:00'),
  (206,24,60,5,'2025-03-01 17:34:00'),
  (207,4,194,4,'2025-03-01 13:48:00'),
  (208,22,194,5,'2025-02-23 13:48:00'),
  (209,17,31,3,'2025-02-28 13:15:00'),
  (210,10,154,4,'2025-03-05 19:22:00'),
  (211,11,72,5,'2025-03-02 13:39:00'),
  (212,1,10,4,'2025-03-08 22:57:00'),
  (213,23,101,5,'2025-03-04 17:05:00'),
  (214,3,101,4,'2025-03-04 17:05:00'),
  (215,21,178,3,'2025-03-13 11:03:00'),
  (216,15,147,4,'2025-03-21 15:22:00'),
  (217,4,149,4,'2025-03-24 17:39:00'),
  (218,12,97,4,'2025-04-05 19:11:00'),
  (219,4,142,5,'2025-04-02 12:12:00'),
  (220,13,160,4,'2025-03-31 09:07:00'),
  (221,8,69,4,'2025-04-07 19:40:00'),
  (222,11,110,3,'2025-04-05 21:27:00'),
  (223,13,110,4,'2025-04-09 21:27:00'),
  (224,28,60,4,'2025-04-10 21:46:00'),
  (225,13,155,3,'2025-04-21 07:11:00'),
  (226,7,155,5,'2025-04-24 07:11:00'),
  (227,2,118,5,'2025-04-23 12:44:00'),
  (228,4,171,3,'2025-04-21 13:58:00'),
  (229,11,102,5,'2025-05-03 07:16:00'),
  (230,24,102,4,'2025-04-26 07:16:00'),
  (231,1,64,5,'2025-04-24 14:12:00'),
  (232,11,64,4,'2025-04-29 14:12:00'),
  (233,17,86,5,'2025-04-30 21:24:00'),
  (234,5,159,5,'2025-05-07 08:08:00'),
  (235,2,190,3,'2025-05-12 11:17:00'),
  (236,26,190,5,'2025-05-12 11:17:00'),
  (237,12,78,4,'2025-05-10 21:40:00'),
  (238,20,9,5,'2025-05-24 07:44:00'),
  (239,1,37,5,'2025-05-23 13:59:00'),
  (240,17,46,3,'2025-05-17 12:45:00'),
  (241,27,36,5,'2025-05-23 10:55:00'),
  (242,8,36,5,'2025-05-23 10:55:00'),
  (243,6,115,5,'2025-05-30 22:42:00'),
  (244,3,112,5,'2025-06-06 14:16:00'),
  (245,22,57,4,'2025-06-08 21:09:00'),
  (246,12,169,5,'2025-06-09 07:35:00'),
  (247,10,25,5,'2025-06-06 17:48:00'),
  (248,24,131,4,'2025-06-10 07:37:00'),
  (249,23,167,4,'2025-06-09 13:42:00'),
  (250,6,167,5,'2025-06-07 13:42:00'),
  (251,20,36,5,'2025-06-10 22:44:00'),
  (252,18,36,4,'2025-06-09 22:44:00'),
  (253,18,112,5,'2025-06-14 07:38:00'),
  (254,25,71,5,'2025-06-23 14:19:00'),
  (255,11,71,5,'2025-06-25 14:19:00'),
  (256,18,98,5,'2025-06-20 18:07:00'),
  (257,12,77,5,'2025-06-19 10:00:00'),
  (258,5,47,4,'2025-06-24 15:06:00'),
  (259,12,47,4,'2025-06-25 15:06:00'),
  (260,17,100,5,'2025-06-24 10:06:00'),
  (261,22,48,5,'2025-06-30 15:49:00'),
  (262,27,48,5,'2025-06-25 15:49:00'),
  (263,8,78,5,'2025-06-28 15:23:00'),
  (264,6,200,5,'2025-07-05 19:38:00'),
  (265,18,117,3,'2025-06-29 15:19:00'),
  (266,4,117,5,'2025-06-27 15:19:00'),
  (267,20,165,5,'2025-07-03 13:34:00'),
  (268,24,127,4,'2025-07-09 21:11:00'),
  (269,6,127,5,'2025-07-10 21:11:00'),
  (270,26,166,5,'2025-07-13 10:46:00');

SELECT setval('customers_customer_id_seq',200);
SELECT setval('orders_order_id_seq',620);
SELECT setval('order_items_order_item_id_seq',1189);
SELECT setval('reviews_review_id_seq',270);
